name,success_probability
Wetpaint,0.98
Fitbit,0.71
Demandbase,0.98
Cardiosolutions,0.35
Wikinvest,0.73
Jogabo,0.33
iCharts,0.61
Icount.com,0.07
Rev Worldwide,0.12
Sportsvite,0.33
ChatID,0.84
Brand.net,0.93
C2FO,0.67
Quant the News,0.18
Platfora,0.81
Foodista,0.47
Funny Or Die,0.79
SoMoLend,0.7
Guavus,0.74
Happy Inspector,0.58
Webvanta,0.54
uSamp,0.96
Aver Informatics,0.35
Rubicon Project,1.0
SailPoint Technologies,0.82
Bitcasa,0.88
Balluun,0.62
FitnessKeeper,0.86
TapnScrap,0.01
EnerTrac,0.38
Collective Bias,0.96
Pingup,0.8
Billfish Software,0.27
orderbolt,0.63
Niveus Medical,0.22
Greenphire,0.32
Reputation.com,0.99
Personalis,0.77
West World Media,0.15
Buck,0.7
Spectrum Bridge,0.68
Credorax,0.61
"LeadSpend, Inc.",0.71
23andMe,1.0
Plastyc,0.71
Xactly Corp,0.97
i.TV,0.6
Simpirica Spine,0.34
Expensify,0.88
BuildingLayer,0.39
Automattic,1.0
Pricing Engine,0.79
Aventura HQ,0.75
Inadco,0.96
Buzzd,0.85
Nimble Storage,0.97
Hall,0.65
Veodia,0.66
DealBase Corporation,0.85
Cliqset,0.47
JustFab,0.81
uTest,0.79
Bridge Energy Group,0.73
Startapp,0.46
Alice.com,0.54
Payoneer,0.91
Pathable,0.15
FirstFuel Software,0.84
Altermune Technologies,0.11
Bespoke Global,0.2
OneRoof Energy,0.19
SalesLoft,0.57
Brightstorm,0.22
Unigo,0.71
PacketTrap Networks,0.68
FieldSolutions,0.43
RiseSmart,0.95
Trion Worlds,0.94
CloudMine,0.82
World Golf Tour,0.84
Rally.org,0.91
Heatwave Interactive,0.02
GameSalad,0.82
OrderWithMe,0.76
Lumenergi,0.77
Buddy,0.94
Big In Japan,0.35
Finsphere,0.93
Smule,0.97
Unmetric,0.85
TrialPay,1.0
BitWine,0.61
Modria,0.95
Yapta,0.87
FamilyLink,0.84
eXelate,1.0
BitGravity,0.85
PicketReport.com,0.05
Savings.com,0.92
Livingly Media,0.87
Gigya,1.0
Synergy Hub,0.04
Reframe It,0.62
Sailthru,0.97
DoesThatMakeSense.com,0.46
Poptent,0.83
Nexenta Systems,0.95
Soonr,0.97
Britely,0.82
Disqus,0.99
Lift Worldwide,0.74
BidPal Network,0.86
Dailybreak Media,1.0
Cloudera,1.0
Vuclip,0.98
Booyah,0.92
MinuteKey,0.49
Thismoment,0.97
FanSnap,0.85
Pantheon,0.91
Salorix,0.81
Formspring,0.89
ReverbNation,0.82
SureSpeak,0.04
NetSocket,0.21
Rebel Monkey,0.21
isocket,0.99
Emotive Communications,0.41
Sophia Search,0.75
ShopAdvisor,0.76
PictureMe Universe,0.12
BrightRoll,1.0
MoBeam,0.55
StatSheet,0.55
RepairPal,0.75
Diffbot,0.73
Dipity,0.86
DogTime Media,0.59
Azuki Systems,0.96
Parking Panda,0.67
TrackVia,0.8
SOASTA,0.98
RockYou,0.99
Yipit,0.91
Virgance,0.76
Cheezburger,0.81
Tower Cloud,0.87
MyBuys,0.99
Podaddies,0.62
Sonian,0.9
Selectable Media,0.46
Yieldex,0.99
Xeround,0.81
StudyBlue,0.84
Lookout,0.99
Wrapp,0.85
Lovely,0.81
Billeo,0.94
Education.com,0.76
Liquor.com,0.8
Spree Commerce,0.29
SynapSense,0.98
Blueseed,0.79
Infoaxe,0.7
Eyeview,0.96
Caring.com,0.93
LuckyCal,0.1
Safe Shepherd,0.38
eSpark,0.39
Clearleap,0.96
Quantopian,0.8
KIXEYE,0.82
IDC Projects,0.38
Checkmarx,0.82
Kynetx,0.6
CheckInOn.Me,0.2
KaChing!,0.57
Datacastle,0.78
Cleave Biosciences,0.85
RescueTime,0.9
OvaScience,0.9
Robot App Store,0.11
Phone.com,0.82
Taboola,0.99
Love With Food,0.34
eRecycling Corps,0.79
RollSale,0.33
Saltlick Labs,0.01
Kuznech,0.61
Agradis,0.27
BCR Environmental,0.26
Contactually,0.78
SeamlessDocs (bizodo),0.75
PromoJam,0.54
Twilio,1.0
Martini Media Inc,0.99
Vobi,0.42
Project Playlist,0.7
Datto,0.82
SAGE Therapeutics,0.87
EcoSense Lighting,0.81
Tidemark,0.76
Wisegate,0.2
Arteaus Therapeutics,0.57
EndoEvolution,0.27
Remitly,0.78
MediaMath,0.97
GoChime,0.85
Dermira,0.73
LikeBright,0.18
Boundless,0.72
Firefly BioWorks,0.15
Ensighten,0.71
FlexMinder,0.71
Asset Vue LLC.,0.12
OurStage,0.7
WeVideo,0.78
Trendabl,0.84
InCrowd,0.84
Conscious Box,0.57
Sonatype,0.95
GameLayers,0.82
Ludei,0.48
Zuberance,0.93
Mention Mobile,0.28
Storenvy,0.81
Progreso Financiero,0.51
WindPole Ventures,0.35
SoFi (Social Finance),0.55
SpearFysh,0.66
Navigating Cancer,0.73
Genesis Media,0.67
Lodo Software,0.26
GroupTalent,0.82
DNN Corp,0.98
Mieple,0.29
Levo League,0.84
Quarri Technologies,0.68
SameGrain,0.7
Iddiction,0.47
Agily Networks,0.1
Docracy,0.83
Nasty Gal,0.45
Hively,0.12
Pneuron,0.74
LaunchSide,0.01
SAY Media,1.0
WEbook,0.85
Heartbeat,0.52
Omada Health,0.74
Docphin,0.79
Surefire Medical,0.19
BuzzMob,0.47
Uppidy,0.56
Koupon Media,0.6
Hulafrog,0.74
Royalty Exchange,0.75
MineralTree,0.83
Bevalley,0.62
Nexgate,0.67
StartX,0.79
Zirtual,0.55
SiteBrains,0.28
simplifyMD,0.61
Fanminder,0.53
Boundary,0.86
Virtual Bridges,0.86
Allena Pharmaceuticals,0.33
Brit + Co.,0.71
Viddler,0.57
Surreal Games,0.2
Scripted,0.66
IFTTT,0.49
Catalog Spree,0.68
Fanitics,0.03
Keen IO,0.84
Bug Labs,0.98
"deets, Inc.",0.33
Revel Touch,0.81
Gumroad,0.83
eVariant,0.57
EnTouch Controls,0.17
Formlabs,0.82
Nomorerack.com,0.61
ClassDojo,0.76
MOTWIN,0.75
Kona DataSearch,0.31
Kickboard,0.26
StreamLink Software,0.46
The Echo System,0.31
Queralt,0.18
Plura Processing,0.3
Prova Systems,0.28
Spling,0.87
Senzari,0.32
Intellocorp,0.39
Flirq,0.26
Kwelia,0.28
SnipSnap,0.84
tweetTV,0.24
Iron.io,0.66
Poshmark,0.8
OneAway,0.2
Fooda,0.8
BlazeMeter,0.72
Direct Dermatology,0.03
MindSumo,0.61
LetsCram,0.51
OrthoAccel Technologies,0.08
Revelation,0.12
Lemonwise,0.28
TradingView,0.39
Fandeavor,0.26
littleBits Electronics,0.9
CompStak,0.85
WISHI,0.48
Acacia Communications,0.6
Belly,0.95
Nitch,0.17
The Deal Fair,0.16
BrightFarms,0.86
7AC Technologies,0.68
Style for Hire,0.19
Montage Talent,0.46
BlueSprig,0.33
Percolate,0.95
MediaBrix,0.98
mobiManage,0.14
Tivity,0.6
Matchbox,0.76
ScaleArc,0.87
DueProps,0.05
Appcore,0.73
SurDoc,0.22
Zumbox,0.85
Good Eggs,0.72
OwnerIQ,0.99
UpTo,0.8
edo,0.94
Unemployment-Extension.Org,0.18
Glassbeam,0.77
Beyond Lucid Technologies,0.79
N4MD,0.13
Medrobotics,0.84
Socrative,0.85
Rover.com,0.56
Venturepax,0.39
Circa,0.91
ROXIMITY,0.59
Guestmob,0.17
Bookigee,0.1
Mahoot Games,0.17
Gauss Surgical,0.6
Clear Catheter Systems,0.13
Chasm.io (formerly Wahooly),0.29
BetterDoctor,0.74
NearWoo,0.48
eDealya,0.83
GonnaBe,0.62
Save On Medical,0.26
SendHub,0.91
Distil,0.71
Contatta,0.71
Eved,0.78
Sociogramics,0.67
ChoreMonster,0.77
Biscotti,0.51
Remark Media,0.45
JeNu Biosciences,0.08
Shodogg,0.78
Skytree,0.77
Timehop,0.83
GlobeTrotr.com,0.28
Linkwell Health,0.94
Wallit,0.54
Desti,0.66
Ovuline,0.71
Rivet & Sway,0.32
MicroPower Technologies,0.67
Fancloud,0.16
PaeDae,0.91
WemoLab,0.08
nFluence Media,0.86
Fanplayr,0.66
Senova Systems,0.54
FoodBox,0.22
FullCircle GeoSocial Networks,0.23
MarketRiders,0.25
Namely,0.61
CD Diagnostics,0.08
Graphdive,0.64
MOWGLI,0.51
QR Pharma,0.29
Trigger,0.19
SpydrSafe Mobile Security,0.63
Jemstep,0.67
GeneCentric Diagnostics,0.09
Callision,0.18
DietBetter,0.42
Cadence Biomedical,0.2
Kuratur,0.27
Sonic Notify,0.76
Sojern,0.88
Zipscene,0.34
Stakeforce,0.13
Whittl,0.27
Continuuity,0.7
Dasdak,0.08
Calxeda,0.85
StarGreetz,0.42
Murfie,0.19
BuzzVote,0.3
TiqIQ,0.19
WeFi,0.96
Commerce Sciences,0.68
Relay Foods,0.18
inMarket,0.04
Ridemakerz,0.58
AppStack,0.75
BusyEvent,0.43
StackSocial,0.72
AuraSense Therapeutics,0.19
Lookingglass Cyber Solutions,0.57
Hatchbuck,0.53
Think Big Analytics,0.34
StormWind,0.08
Quantenna Communications,0.99
GLIIF,0.33
Moveline,0.84
PhishLabs,0.06
Stillwater Supercomputing,0.26
Fidelis,0.24
Mosaic Storage Systems,0.57
Apprenda,0.96
Auxogyn,0.54
DNA Response,0.26
Aria Retirement Solutions,0.31
StyleHaul,0.76
Eventup,0.68
Chewse,0.43
Grantoo,0.47
Applied Proteomics,0.46
WibiData,0.85
TastemakerX,0.72
DeviceFidelity,0.06
Paddle8,0.8
Access Media 3,0.54
Cheers,0.75
BoardProspects,0.77
ScriptRock,0.68
Everest,0.75
Kextil,0.76
NatureBox,0.67
OpenLabel,0.69
StopTheHacker,0.79
Energy Points,0.24
Collaborate.com,0.69
Wittlebee,0.73
Spin Transfer Technologies,0.32
Novinda,0.4
Vistar Media,0.82
480 Biomedical,0.71
Aereo,0.9
Zscaler,0.64
Yodle,1.0
Carezone.com,0.72
Mnemosyne Pharmaceuticals,0.28
ProMED Healthcare Financing,0.27
Ryzing,0.11
iQuantifi.com,0.29
Signifyd,0.75
Xdynia,0.07
Scribd,0.98
My1login,0.69
SnowShoe Stamp,0.64
Goodfilms,0.25
Appcelerator,1.0
GuideSpark,0.73
Fancy,0.95
DigitalOcean,0.86
Modelinia,0.7
Lumesis,0.57
AllTrails,0.74
Swipp,0.58
CrowdStrike,0.55
SimpliVity,0.9
Duetto,0.69
cloudswave,0.48
Poppin,0.88
TempoDB,0.79
Quarterly,0.71
Atlas Powered,0.68
Plyfe,0.8
Meteor Entertainment,0.16
The Mad Video,0.69
Kairos AR,0.54
Omni Water Solutions,0.62
Timbuktu Labs,0.19
LevelUp,0.48
Captimo,0.63
Precision Health Media,0.58
divorce360,0.34
GlobeSherpa,0.24
SERPs,0.03
HubSpot,1.0
Drync,0.77
SocialChorus,0.85
Material Mix,0.32
TripleLift,0.82
"Valerion Therapeutics, LLC",0.65
Sunnovations,0.21
Agilence,0.86
Celly,0.63
Quantance,0.81
Thrillist Media Group,0.5
Chute,0.83
The Smart Baker,0.01
Branch,0.81
Cympel,0.71
DreamCloset.com,0.15
Budge,0.78
Cernostics,0.7
CooCoo,0.73
adFreeq,0.69
Coveroo,0.8
BuzzTable,0.86
Jada Beauty,0.6
Rafter,0.81
Adelphic Mobile,0.8
NextPrinciples,0.71
AnyPresence,0.82
Pathbrite,0.68
Starboard Storage Systems,0.62
ReadyPulse,0.67
Yiftee,0.75
Locality,0.84
AnyPerk,0.29
Vidyo,0.84
Entelo,0.79
Watchwith,0.3
Dojo,0.32
AetherPal,0.43
Mosaic,0.71
Averail,0.8
TownWizard,0.32
ClosetDash,0.25
FreedomPop,0.74
Thermedical,0.21
Shoptiques,0.49
Persimmon Technologies,0.31
Yashi,0.77
YouGift,0.3
VoiceBunny,0.64
Merchant Exchange,0.15
Paytopia,0.12
Campus Shift,0.15
Quixby,0.36
Virtual Race Bags,0.27
CrossLoop,0.92
Condition One,0.69
Karma Mobility,0.84
GiftCard.com,0.48
Bench,0.87
The Honest Company,0.72
via680,0.08
Zuga Medical,0.12
SubtleData,0.62
Couple,0.64
YesPlz!,0.13
Linqia,0.61
BiO2 Medical,0.35
GetGoing,0.59
Boxfish,0.63
Domino,0.62
Toopher,0.61
Strand Diagnostics,0.21
ReachForce,0.82
Sefaira,0.87
DB Networks,0.62
Beatrobo,0.16
ViralNinjas,0.64
Reesio,0.72
DataRPM,0.68
Walk Score,0.46
Bondsy,0.85
Dropifi,0.39
AgileMD,0.35
Genalyte,0.68
Udacity,0.8
1Mind,0.33
Pertino,0.93
AvaLAN Wireless Systems,0.38
CelebCalls,0.61
ZimpleMoney,0.73
Wealthfront,0.98
"Cryothermic Systems, Inc.",0.08
Bitium,0.77
BlueKai,0.98
Tinypass,0.47
9SLIDES,0.73
OrderBorder,0.14
Malauzai Software,0.19
Salad Labs,0.65
StoreFlix,0.06
Bespoke Post,0.55
Atticous,0.09
Dataminr,0.71
RideCharge,0.58
NJOY,0.59
StockTwits,0.95
Vitals (vitals.com),0.75
Voci Technologies,0.39
Wireless Glue Networks,0.45
BRIVAS LABS,0.73
Stem,0.66
Isolation Network,0.8
NuoDB,0.8
Axial,0.87
YourMechanic,0.79
CyVek,0.33
Retail Innovation Group,0.13
TradeKing,0.22
Insightpool,0.18
Proclivity Systems,0.83
iKONVERSE,0.22
"Essess, Inc",0.61
BookRenter.com,0.83
UniversityNow,0.81
Lolly Wolly Doodle,0.21
REACH Health,0.49
Alcresta,0.5
Concept.io,0.7
Dennoo,0.8
Coursera,0.75
Pebble,0.72
ALDEA Pharmaceuticals,0.87
Internet Media Labs,0.83
mon.ki,0.81
VoloMetrix,0.77
TheFind,0.92
Vadver,0.14
AutoRef.com,0.8
Metaresolver,0.49
Pheed,0.41
MyOtherDrive,0.03
Apportable,0.28
Apptentive,0.82
3Scan,0.04
CafeMom,0.99
Histros,0.07
Elemental Technologies,0.95
Artify It,0.33
Radius Inc.,0.98
Wedding Party,0.31
MokiMobility,0.54
Perk Dynamics,0.08
Villij,0.4
Hookit,0.31
Gold America,0.11
Fleksy,0.78
Makeover Solutions,0.36
Boulder Ionics,0.5
Creative Allies,0.58
Conviva,0.99
Thumbs Up,0.21
Gainsight,0.85
Idealist,0.18
Ology Media,0.42
Zoondy,0.03
Viableware,0.56
Tegile Systems,0.83
Aragon Consulting Group,0.63
PreCision Dermatology,0.36
Pindrop Security,0.67
Ruby Ribbon,0.79
BeliefNetworks,0.39
Primcogent Solutions,0.46
Heliae,0.62
Colectica,0.22
Facio,0.27
SumAll,0.87
Klout,1.0
Lawdingo,0.87
WegoWise,0.62
Pixlee,0.74
DeNovo Sciences,0.05
TalentBin,0.81
Poptip,0.92
Simple.TV,0.71
Rental Kharma,0.19
Punch!,0.47
Jebbit,0.92
Quanterix,0.93
Flint,0.77
StyleSaint,0.74
Drawbridge,0.96
Glider,0.71
Gilt Groupe,1.0
Datical,0.86
MyStore.com,0.05
Cyphort,0.91
Quantum OPS,0.62
PixelFish,0.83
Referly,0.85
Skyscraper,0.36
Mortar Data,0.92
Tamra-Tacoma Capital Partners,0.69
BISON,0.82
Futurelytics,0.44
Front Flip,0.58
Zonoff,0.78
Inktank,0.72
SkillHound,0.31
Anchor Intelligence,0.96
LuckyLabs,0.75
Curalate,0.61
Sonitus Medical,0.92
JamHub,0.23
Buzz All Stars,0.39
Anedot,0.29
VerbalizeIt,0.47
UpCounsel,0.69
Food Genius,0.67
BluePoint SecurityÖ,0.54
Dinamundo,0.22
Find That File,0.18
Apcera,0.96
"Ambri, Inc.",0.39
Creative Market,0.71
EyeVerify,0.6
71lbs,0.63
Cureeo,0.09
Fibroblast,0.26
Whimseybox,0.07
Project Frog,1.0
Amplifinity,0.61
revoPT,0.26
Rant Media Network Inc.,0.81
Local Market Launch,0.99
Ordoro,0.68
Elevate Digital,0.6
Slacker,0.93
InstaEDU,0.77
evermind,0.23
OurVinyl,0.17
Kona Medical,0.53
Cool Planet Energy Systems,0.75
Edition01,0.36
Pet Insurance Quotes,0.17
Civitas Learning,0.78
Nanoogo,0.48
Wetradetogether,0.74
InfoArmy,0.77
CrowdPC,0.38
Wasabi 3D,0.34
SaleMove,0.75
WizeHive,0.9
Enertiv,0.38
Travefy,0.61
SeedInvest,0.67
Proxio,0.53
Cortica,0.92
Datorama,0.85
Handybook,0.87
Jamplify,0.66
Greencloud Technologies,0.58
Fisoc,0.66
Ringadoc,0.53
Host Committee,0.62
Zumper,0.74
Hinge,0.74
MobileDay,0.81
Ubooly,0.64
Wonder Forge,0.17
xF Technologies Inc.,0.07
Hone and Strop,0.5
HG Data Company,0.58
Indow Windows,0.24
Classana,0.14
Global Blood Therapeutics,0.45
Nara Logics,0.64
KloudNation,0.58
HubPages,0.93
The One-Page Company,0.78
Migo.me,0.25
Adcade,0.8
Radical Studios,0.35
ideeli,0.97
Apttus,0.94
HiringThing,0.71
Ablative Solutions,0.39
RJMetrics,0.78
Goal Zero,0.16
Evergram,0.49
MusicHype,0.78
DataGravity,0.74
Plivo,0.93
Keep Holdings,0.79
Madefire,0.78
DropShip,0.31
Live Gamer,0.78
Gyft,0.76
Atooma,0.45
Cognitive Networks,0.86
Shoeboxed,0.87
UniKey Technologies,0.45
Sustainable Real Estate Solutions,0.17
Kapow Events,0.09
Endorphin.me,0.09
CrowdFlower,1.0
Wallaby Financial,0.65
Clever,0.78
Where My Dogs At,0.04
CloudByte,0.81
Dwllr,0.03
CrowdHall,0.67
Therapydia,0.59
ProfitBricks,0.79
Quikly,0.7
Veracode,0.94
Context Relevant,0.44
DraftKings,0.81
vLine,0.72
Balanced,0.72
Gemmus Pharma,0.21
Sonendo,0.79
DogVacay,0.81
Directr,0.82
ThriveHive,0.41
Twenty20.com,0.78
Morphlabs,0.96
5th Finger,0.69
Skyline Innovations,0.14
Barkbox,0.83
Nitrous.IO,0.72
Procured Health,0.69
octoScope,0.08
Flipps,0.66
SoundFit,0.29
Prometheus Civic Technologies (ProCiv),0.54
AppMesh,0.77
Pano Logic,0.69
Addvocate,0.83
PBworks,0.97
Badgy,0.36
Dhingana,0.65
Seelio,0.69
Treasure Data,0.85
VoltServer,0.04
Alicanto,0.47
"Snapfinger, Inc.",0.71
Pinnatta,0.49
Symplified,0.96
Modulus,0.13
iSpot.tv,0.77
PokitDok,0.76
Mediaocean,1.0
Sanguine BioSciences,0.64
Space Monkey,0.75
Highfive,0.85
LiveHive,0.66
ClickToShop,0.08
Artillery,0.66
Ink,0.84
SundaySky,0.97
BackOps,0.68
Field Agent,0.43
Acquia,1.0
Local Response,0.89
Mobee,0.84
Twist and Shout,0.19
KlickThru,0.69
Once Innovations,0.4
Coferon,0.89
Zadara Storage,0.21
Groupsite,0.86
Stackify,0.3
MarkITx,0.31
Revolv,0.85
Tapingo,0.35
IntelliBatt,0.7
LeadiD,0.61
PulsePoint,0.78
Luxera,0.38
Zipongo,0.93
When You Wish,0.4
ScaleMP,0.8
Think Through Learning,0.68
EDUonGo,0.08
Snibbe Studio,0.6
hearo.fm,0.45
SmartAsset,0.8
Relmada Therapeutics,0.28
Coppertino,0.22
Plain Vanilla,0.69
PivotDesk,0.77
Analyte Health,0.52
Appy Couple,0.81
Etsy,1.0
MarketPage,0.14
SpotRight,0.63
Annovation BioPharma,0.51
Stackpop,0.73
Syllabuster,0.17
BioNanovations,0.21
Plaid,0.8
TrustedAd,0.32
Piqora,0.87
Skyera,0.76
Causes,0.83
Moment.me,0.47
Luxanova,0.41
QuickPay,0.76
MediaSpike,0.88
Upstart,0.77
Mango Health,0.41
Stackdriver,0.92
APerfectShirt.com,0.1
Transaction Wireless,0.21
PlaceFull,0.48
Atterocor,0.8
Wochit,0.73
Moxie Jean,0.35
Canopy Labs,0.74
Linksy,0.31
OpenExchange,0.83
PLUMgrid,0.29
Nativo,0.83
Garantia Data,0.88
blabfeed,0.03
Bloc,0.73
VisualOn,0.37
OUYA,0.74
SeeMore Interactive,0.27
Goldbely,0.64
famo.us,0.91
CircleCi,0.38
Moven,0.61
Swirl,0.84
YaSabe,0.66
Heyzap,0.75
Elcelyx Therapeutics,0.65
Samplify Systems,0.97
LoyalBlocks,0.84
Aventura,0.65
LegalGuru,0.25
Target Data,0.66
DxUpClose,0.11
HireIQ Solutions,0.55
Punchey,0.73
Visualnet,0.49
Luvocracy,0.56
CoachUp,0.98
Organizer,0.84
Patientco,0.2
Izzui,0.1
Scoot Networks,0.68
Kloudless,0.51
Sqrrl,0.86
Survata,0.4
Jawfish Games,0.64
Sherpaa,0.69
Hatch,0.67
RidePal,0.68
Tubular Labs,0.51
Bunchball,0.85
Kymeta,0.46
Door to Door Organics,0.23
Zoom Video Communications,0.91
CloudPhysics,0.7
MobileSpaces,0.66
TagaPet,0.25
Watsi,0.76
Plair,0.5
Smart Lunches,0.25
KVZ Sports,0.04
Swyzzle,0.05
Sapheon,0.75
NiftyThrifty,0.79
Pinger,0.5
Philo,0.85
LearnStreet,0.59
CaterCow,0.34
Ohm Universe,0.17
Meez,0.46
Captricity,0.64
Sophono,0.24
RiverMeadow Software,0.66
BloomNation,0.31
Cubikal,0.1
tenXer,0.5
Pluribus Networks,0.72
Sightly,0.68
Fab.com,1.0
Voxer LLC,0.95
Aerpio Therapeutics,0.7
Virool,0.65
Caremerge,0.61
StepLeader,0.22
Automated Insights,0.63
PEX Card,0.32
Blitsy,0.07
CodeSquare,0.22
Predilytics,0.2
QBotix,0.73
Shopperception,0.22
Bugsnag,0.4
908 Devices,0.44
Tely Labs,0.65
Bulu Box,0.59
Video Blocks,0.31
BioMotiv,0.57
KnowRe,0.72
Repunch,0.31
FoundationDB,0.8
Dekko,0.74
Akimbo Financial,0.69
Benjamin's Desk,0.18
Timbre,0.68
Presidio Pharmaceuticals,0.88
eGood,0.62
Honest Buildings,0.81
Cirro,0.7
uromovie,0.02
Cuturia,0.37
RxAnte,0.37
BrightBytes,0.51
Spogo Inc.,0.65
BYNDL,0.69
Massachusetts Clean Energy Center,0.44
Speek,0.92
GiveGab,0.66
Station X,0.76
TrustRadius,0.59
FieldLens,0.87
StarMobile,0.27
Spotsetter,0.69
Content Raven,0.45
Blekko,0.9
"BabyJunk, Inc",0.26
"Agricultural Food Systems, LLC",0.16
Innovative Pulmonary Solutions,0.29
Seismic Software,0.66
Genometry,0.18
weendy,0.52
Skout,0.89
Grow Mobile,0.21
Xangati,0.88
Shipzi,0.34
PreApps,0.27
AdMobius,0.88
RoverTown,0.67
GroundMetrics,0.4
FreePriceAlerts,0.62
Datagres Technologies,0.73
Insightera,0.64
ShopInterest,0.25
Aktana,0.84
Wanderful Media,0.78
Atreca,0.11
Social Shopping Network «,0.43
Breathometer,0.84
ECO,0.62
Springbot,0.39
Freedom Meditech,0.78
Ministry of Supply,0.8
Bonfyre,0.76
CliniCast,0.19
AppThwack,0.28
Greentech Media,0.58
Insightly,0.75
Rap Genius,0.82
The Daily Hundred,0.68
Cozy,0.79
Trifacta,0.86
FiftyThree,0.92
AdTheorent,0.74
Pudding Media,0.87
Ubiquity Global Services,0.16
FlightCar,0.74
Zeppelin,0.27
Appurify,0.89
REPP,0.33
BoostUp,0.4
Easy Pairings,0.32
EQUISO,0.5
Qualvu,0.08
CreativeLIVE,0.7
Eventbrite,1.0
LaunchKey,0.61
Sialix,0.32
Tapas Media,0.71
RightCare Solutions,0.8
Teespring,0.68
KANBANize,0.29
Vaxess Technologies,0.7
Attivio,0.73
Modumetal,0.59
SRCH2,0.51
TopFloor,0.25
Lettuce,0.61
Verified Identity Pass,0.48
Bright Pattern,0.76
ActiveRain,0.38
Amiigo,0.13
Neighbor.ly,0.15
Pixalate,0.68
Splice Machine,0.44
adhoclabs,0.1
MeetCute,0.12
Ad Hoc Labs,0.72
Geckocap,0.28
AJ Consulting,0.12
Check,0.85
Socialtyze,0.5
Limos.com,0.84
SalesFUSION,0.64
Quantason,0.34
StackSearch,0.54
Ravello Systems,0.83
Mobiplex,0.23
Rewarder,0.52
Yapmo,0.7
"Dash Labs, Inc.",0.7
SkimaTalk,0.09
Dokkankom,0.13
Learnmetrics,0.31
NuORDER,0.51
LevelEleven,0.68
ExecOnline,0.68
MIT Energy Initiative,0.7
FD9 Group,0.29
Bizible,0.41
Maptia,0.37
Rolltech,0.31
New Haven Pharmaceuticals,0.25
Comixology,0.83
Zelgor,0.12
nWay,0.7
"Splashtop, Inc",0.97
DJZ,0.96
Scratch Wireless,0.55
Leanplum,0.59
ToyTalk,0.78
OrderGroove,0.83
Fanzo,0.26
Extreme Reach,0.9
Hyperpot,0.08
NBD Nanotechnologies Inc,0.34
Touch Commerce,0.83
Plug.dj,0.63
Instart Logic,0.88
Cinarra Systems,0.15
NEXAGE,1.0
CloudVolumes.com,0.71
Expert TA,0.08
Transonic Combustion,0.83
Qloo,0.77
TareasPlus,0.26
Engine Yard,1.0
TEAM INTERVAL,0.19
Picturelife,0.8
mxHero,0.74
TranscribeMe,0.87
StyleSeek,0.46
Playnomics,0.73
SpaceClaim,0.99
Change Healthcare,0.96
Epic Sciences,0.34
OutboundEngine,0.65
Cignifi,0.73
InboundWriter,0.77
CUneXus Solutions,0.65
Wikisway,0.43
SavedPlus Inc,0.22
MailPix,0.71
Acclaimd,0.15
SimplyInsured,0.27
MabVax Therapeutics,0.46
Lewis and Clark Pharmaceuticals,0.09
LucidWorks,0.92
Talari Networks,0.89
Crossbar,0.92
ICRTec,0.65
Tred,0.55
SiO2 Nanotech,0.02
Advice Wallet,0.07
CodeGlide,0.7
Corensic,0.84
InGrid Solutions,0.11
P2Binvestor,0.23
Rootless,0.28
PLYmedia,0.58
121nexus,0.38
everbill,0.47
Cyan,0.94
AutoBike,0.32
Ginger Software,0.81
Yekra,0.5
iRates,0.2
TechForward,0.73
iSchool Campus,0.66
Klooff,0.81
Cloudamize,0.56
Hired,0.83
CommonBond,0.9
CENTRI Technology,0.76
WordStream,0.99
Play Megaphone,0.21
CropUp,0.6
Widgetbox,0.71
SmartThings,0.81
Freebeepay,0.22
Green Throttle Games,0.29
Ribbon,0.35
SpinGo,0.74
RallyPoint.com,0.67
TrendPo,0.11
"Restore Medical Solutions, Inc.",0.62
SquareOne Mail,0.26
Modernizing Medicine,0.87
Marxent Labs,0.78
Moderna Therapeutics,0.85
Chef,1.0
GainSpan,0.88
Quick Hit,0.85
Appnomic Systems,0.89
Adinch Inc,0.25
RazorGator,0.58
JobSync,0.24
Judicata,0.34
SNUPI Technologies,0.53
Terabitz,0.57
HelloFresh,0.66
The Talk Market,0.49
Coinbase,0.74
River Vision Development,0.4
CloudVelocity,0.87
Tylr Mobile,0.47
BookBag,0.01
Shopular,0.26
MobileRQ,0.44
Tealet,0.14
AnyCloud,0.06
Exelis,0.69
MarcoPolo Learning,0.68
Urban Compass,0.92
Pinpoint MD,0.6
Exablox,0.71
Rentalroost.com,0.4
Alerts,0.71
Space-Time Insight,0.88
FitStar,0.55
Rabbit,0.59
MetroMile,0.85
userfox,0.79
Mixpo,0.98
VictorOps,0.56
BitInstant,0.64
FoodEssentials,0.61
Alorum,0.06
Bonanza,0.77
Miselu Inc.,0.48
Tunespeak,0.63
Aegis Identity Software,0.4
Zentila,0.28
Smaato,0.84
CliQr Technologies,0.7
Ignyta,0.42
YR.MRKT,0.08
Combatant Gentlemen,0.62
Lean Launch Ventures,0.31
Medlio,0.22
collegefeed,0.29
BitPay,0.54
Health Catalyst,0.69
PureCars,0.68
Iconixx Software,0.74
Zapproved,0.85
BlueKite,0.21
Kitsy Lane,0.3
Care Thread,0.58
Yushino,0.19
Index,0.77
Peerless Network,0.76
Recroup,0.31
Panjo,0.28
"Spikes, Inc.",0.73
iMedicare,0.05
Bugcrowd,0.7
Nok Nok Labs,0.74
SoThree,0.52
Handshakez,0.71
TrueAbility,0.56
Car Guy Nation,0.34
Postmaster,0.4
vArmour Networks,0.25
Mercent Corporation,0.75
Globa.li,0.68
MediaCrossing Inc.,0.67
MobileSpan,0.35
Echolocation,0.39
Plastic Jungle,0.71
Levels Beyond,0.39
Lyatiss,0.75
basno,0.8
7 Billion People,0.6
EatStreet,0.79
Admittance Technologies,0.41
Povio,0.13
FORVM,0.61
eGifter,0.63
The Muse,0.89
Ceterix Orthopaedics,0.8
3D Robotics,0.76
Credit Karma,0.59
Manhattan Labs,0.29
Enigma Technologies,0.83
Nomi,0.95
Placemeter,0.64
shoto,0.46
Recondo,0.81
Exo Labs,0.32
Auction.com,0.56
Eightfold Logic,0.86
Instore,0.87
Veggie Grill,0.33
Moxtra,0.44
GameSkinny,0.02
Quantcast,0.99
SozializeMe,0.19
Share Practice,0.75
Convercent,0.83
Pluto Media,0.13
AlertEnterprise,0.86
The Zebra,0.66
RetailMLS,0.7
AdYapper,0.83
Toppic,0.12
WhoAPI,0.31
Ellevation,0.81
eBrevia,0.25
Shippable,0.64
RUN,0.72
Guide,0.62
Contract Room,0.64
ZestFinance,0.76
IfOnly,0.77
Minneapolis Biomass Exchange,0.14
Revolucionadolabs,0.75
Continuum Analytics,0.07
Little Pim,0.79
Interviewstreet,0.42
ProBueno,0.29
Admitted.ly,0.69
Weathermob,0.46
Lively,0.57
Kinetic Social,0.86
MyTime,0.86
Grand Rounds,0.64
Proximic,0.9
RealScout,0.71
Mobile-XL,0.42
KitCheck,0.41
Wellframe,0.42
Covenant Surgical Partners,0.75
Fantasy Buzzer,0.68
Sustainable Industrial Solutions,0.2
Remedify,0.15
Blue Apron,0.87
Uncovet,0.35
SageCloud,0.84
Scratch Hard,0.48
SIMPLEROBB.COM,0.04
CustomerAdvocacy.com,0.68
Hublished,0.68
Infinio,0.91
PassbeeMedia,0.27
SurpriseRide,0.29
Juristat,0.1
Deliv,0.63
Persado,0.73
"GetJar, Inc.",0.91
Cylance,0.76
IRIS.TV,0.56
Hampton Creek Foods,0.35
Tempo AI,0.6
Kitchensurfing,0.86
Kit Check,0.74
Runscope,0.68
Lasso Media,0.49
QPID Health,0.83
Tinychat,0.85
Home Team Therapy,0.27
Neurotrack,0.38
Podimetrics,0.41
Reify Health,0.26
BlueData Software,0.29
Quad Learning,0.36
Monaeo,0.64
Thinkful,0.74
Yapert,0.54
Nasseo,0.48
HItviews,0.26
NextGreatPlace,0.19
RaftOut,0.03
Wandera,0.61
Vaunte,0.45
Sumpto,0.36
Boatbound,0.62
PernixData,0.88
E4 Health,0.06
ShowKit,0.34
Bolt.io,0.59
Medikly,0.2
streamOnce,0.61
Alminder,0.43
Agolo,0.36
Jifiti.com,0.61
FibeRio,0.41
MyCheck,0.48
Misfit Wearables,0.83
Maple Farm Media,0.43
LIA,0.21
Meldium,0.73
Otozip,0.22
Snaps,0.83
Codenvy,0.36
Outbox,0.7
Pipefish,0.2
vidIQ,0.76
Skytap,1.0
Synapsify,0.25
LivelyFeed,0.05
Armor5,0.81
Black Ocean,0.67
Luminate,0.99
Superfish,0.92
SunnyBump,0.14
SupportLocal,0.63
GlobeIn,0.23
Revolights,0.2
Zady,0.85
Nugg-it,0.06
Mission Critical Electronics,0.16
PaperG,0.53
Sentient Energy,0.34
Wide Open Spaces,0.12
Riskive,0.63
AnsibleWorks,0.67
Carolus Therapeutics,0.61
Lucid Energy,0.06
clypd,0.94
Looker,0.66
Illumio,0.74
AdStage,0.83
Slate Science,0.44
Dead Inventory Management System,0.04
Scale Computing,0.97
Matterport,0.53
Alloy Digital,0.5
KannaLife Sciences,0.15
Attentive.ly,0.51
Quandora,0.49
HipLogiq,0.53
Bitglass,0.57
Biba,0.87
Front Desk HQ,0.17
Crowd Supply,0.4
Plandree,0.35
OnTheRoad,0.2
Keepy,0.78
Ahalogy,0.27
Thoughtly,0.04
LOOKCAST,0.54
SwiftStack,0.43
Wildfang,0.23
DeskGod,0.08
Vasona Networks,0.75
Fluencr,0.48
Radio Runt Inc.,0.65
AdhereTech,0.83
URX,0.96
SmartyPants Vitamins,0.24
Domino Street,0.43
Golden Reviews,0.25
Medtric Biotech,0.02
EasyPost,0.29
Weemo,0.75
Rollbar,0.21
Startup Quest,0.25
ID.me,0.51
FlashStarts,0.21
Namo Media,0.58
FindMySong,0.57
LearnUp,0.31
Human Demand,0.28
StrongLoop,0.84
ApplyKit,0.24
Curried Away Catering,0.13
L4 Mobile,0.39
Scayl,0.34
One4All,0.29
Red e App,0.6
Nearpod,0.51
Concurrent Inc,0.82
Vidaao,0.68
Learning Hyperdrive,0.19
in3Dgallery,0.03
PeopleLinx,0.78
Shop Hers,0.38
AppNeta,0.96
Hang w/,0.56
SingWho,0.3
SquareOne,0.06
Bettyvision,0.2
Artist Growth,0.46
DC Devices,0.5
P2 Science,0.2
Skinny Mom,0.68
MessageMe,0.83
RelateIQ,0.86
CrowdFeed,0.04
Time To Cater,0.37
Genapsys,0.68
LoopFuse,0.73
SocialThreader,0.17
Ancera,0.11
ElectNext,0.51
LE TOTE,0.69
ZeaKal,0.1
Realty Mogul,0.21
Choose Energy,0.76
Eqalix,0.02
PointsHound,0.07
Asurvest,0.32
Click & Grow,0.06
dreamsha.re,0.17
Bina Technologies,0.83
RSI (Reel Solar Inc),0.44
PrestoBox,0.02
ReadyDock,0.08
Relationship Science,0.88
PowWowHR,0.4
MailLift,0.1
Proximal Data,0.38
Algenetix,0.07
Good.Co,0.78
Propeller Health,0.71
SeatKarma,0.1
AppZero,0.57
Dealer Ignition,0.73
Sentimed Medical Corporation,0.77
Course Hero,0.73
Precision for Medicine,0.34
BusyLife Software,0.14
Mic Network,0.61
SignalFuse,0.29
Pickwick & Weller,0.57
MD Insider,0.69
Crispy Gamer,0.14
MaxTradeIn.com,0.71
Floored,0.81
Digby,0.81
VividCortex,0.36
AdviceIQ,0.1
NowThis News,0.4
Handle,0.5
Retrace,0.27
Canvas,0.98
PeepsOut Inc.,0.39
SimplyTapp,0.23
Avere Systems,0.95
Kinsa,0.44
Shopgate,0.76
Traffio,0.25
Bountysource,0.62
Cydan,0.36
First30Days,0.82
Just Sing It,0.65
Syros Pharmaceuticals,0.6
Joint Loyalty,0.25
Tynker,0.66
AgBiome,0.27
RackWare,0.17
Vastrm,0.42
Idibon,0.18
Lytics,0.84
MyLikes,0.94
Arkami,0.47
UnboundID,0.93
Optify,0.98
Sharalike,0.11
BEAT BioTherapeutics,0.1
built.io,0.7
Cognitive Match,0.78
Simulmedia,0.94
Brandcast,0.52
VisualCV,0.74
Iora Health,0.32
Adarza BioSystems,0.09
Jama Software,0.85
Radiate Media,0.76
Gridstore,0.79
Ionic Security,0.49
FitBionic,0.15
Relypsa,0.94
Rebit,0.87
LiquidPlanner,0.75
Brandfolder,0.42
Yellowsmith,0.37
ZetrOZ,0.23
InVitae,0.47
SmartZip Analytics,0.83
Keas,0.99
Gainspeed,0.84
PayTango,0.76
Cervel Neurotech,0.3
Infer,0.33
ParLevel Systems,0.21
Bioceptive,0.08
TopSchool,0.55
33Across,1.0
Qubole,0.75
thredUP,0.83
Poken,0.73
Powervation,0.83
Pivotal,0.61
PresenceLearning,0.68
BookShout!,0.55
Clustrix,0.98
Dash Software,0.45
Moonfrye,0.44
Topera,0.32
Conventus Orthopaedics,0.67
GridCOM Technologies,0.04
WhereverTV,0.04
Scioderm,0.21
Plated,0.76
TapShield,0.62
SupplyHog,0.33
Drifty,0.29
Conspire,0.27
Maker's Row,0.73
LightSail Education,0.64
Foursquare,1.0
BlackbookHR,0.77
Magnetic,1.0
PaintZen,0.39
F.8 Interactive,0.16
Snapcious,0.46
Clinkle,0.86
Compare Metrics,0.57
LibriLoop,0.11
CashStar,0.94
Play-i,0.7
ChronoWake,0.02
nChannel,0.11
Crimson Hexagon,0.95
SCVNGR,0.85
Axcient,0.99
"Madison Reed, Inc.",0.2
Kapitall,0.94
Q Factor Communications,0.8
Channel Medsystems,0.32
AVA.ai,0.47
Curious.com,0.57
MyNewFinancialAdvisor,0.18
Vivify Health,0.04
GameChanger Media,0.85
Snipi,0.31
Medlert,0.32
Greekdrop,0.06
Z2Live,0.85
SwapBeats,0.77
BioBeats,0.69
Fundation,0.36
Minbox,0.71
LendKey Technologies,0.88
Livescribe,0.92
AvantCredit,0.45
PayClip,0.6
AppCard,0.81
Ranker,0.88
Prompt.ly,0.29
Muzzley,0.77
Tongal,0.72
Lumena Pharmaceuticals,0.79
Plures Technologies,0.07
Supply Vision,0.1
Pict,0.31
Boosterville,0.1
Eko Devices,0.05
GiveCorps,0.18
uParts,0.23
betaworks,1.0
1World Online,0.67
qcue,0.11
Zoobean,0.11
tracx,0.85
dloHaiti,0.26
Everwise,0.57
Melon #usemelon,0.01
Pangea,0.67
Cardinal Midstream,0.16
T5 Data Centers,0.41
CellScape,0.79
Chartbeat,0.97
Airware,0.39
PingMD,0.16
One Kings Lane,0.99
DIIME,0.01
Givkwik,0.04
Project Repat,0.03
Volta Industries,0.19
WeVorce,0.39
HyTrust,0.97
Active Life Scientific,0.13
Apexigen,0.2
Effector Therapeutics,0.33
Suniva,0.8
Justworks,0.78
Ninja Metrics,0.53
ExtraHop Networks,0.94
ShopPad,0.27
FiscalNote,0.84
LinguaSys,0.27
Heapsylon,0.11
Oculus VR,0.73
Zola Books,0.79
Basho Technologies,0.96
DanceOn,0.44
Eos Energy Storage,0.34
BoardEvals,0.24
popexpert,0.72
Gamgee,0.08
Skyhigh Networks,0.89
Subsidence,0.14
OPX Biotechnologies,0.84
Foundation Radiology Group,0.54
AlephCloud Systems,0.27
Union Bay Networks,0.44
Swivl,0.07
Zula,0.5
"Numerate, Inc",0.36
YesGraph,0.31
SpotXchange,0.98
Inceptus Medical,0.3
SolarEdge,0.82
InStream Media,0.81
Cozi,0.32
Stemgent,0.84
SimpleRelevance,0.84
Novira Therapeutics,0.71
Neuros Medical,0.27
Mission Markets,0.12
Limeade,0.93
Tipbit,0.54
Sqwiggle,0.71
Cotap,0.42
Benson Hill Biosystems,0.03
GeneriCo,0.15
Vuzit,0.73
Mixbook,0.78
SocialRadar,0.7
DataSphere,0.98
Samasource,0.98
Greenhouse Software,0.88
Variable,0.08
Alios BioPharma,0.8
Qspex Technologies,0.59
Nanostim,0.7
Reflex Systems,0.51
DataXu,1.0
Complexa,0.33
Linea,0.28
SquareHub,0.71
NASOFORM,0.17
Ineda Systems,0.21
Moximed,0.61
Benu Networks,0.34
Happy Cloud,0.67
"ChargePoint, Inc.",0.96
Freight Farms,0.43
August,0.74
PillPack,0.17
BlueStripe Software,0.95
Mobiscope,0.41
Solavei,0.29
Nitride Solutions,0.11
WellNow Urgent Care Holdings,0.75
Given Goods,0.32
Shopventory,0.53
Dering Hall,0.3
DapperJobs,0.36
GoingOn,0.89
Cohealo,0.06
Minetta Brook,0.3
AtheroMed,0.31
MyEdu,0.34
Whistle,0.65
Seeq,0.26
Sharegate,0.1
Edge Therapeutics,0.23
SnapMD,0.09
Kumu Networks,0.8
Movable,0.32
BYTEGRID,0.3
Mind Pirate,0.22
Dragon Innovation,0.39
Handshake,0.77
Mattermark,0.4
Versium Analytics,0.25
HouseTab,0.7
Resonate Networks,0.53
Riskonnect,0.25
Boutique Window,0.06
Companion Pharma,0.19
Apse,0.25
WHILL,0.76
SnowGate,0.59
LiveSafe,0.12
Edimer Pharmaceuticals,0.89
BitSight Technologies,0.41
WeMonitor,0.1
NextUser,0.7
Parent Media Group,0.35
ImmunGene,0.17
HEXIO,0.02
Oculeve,0.26
Mobisante,0.21
Cuyana,0.25
ShareMagnet,0.69
Rockerbox,0.22
Piiku,0.46
Metropolist,0.18
Stellarray,0.2
Acera Surgical,0.06
SurgeryEdu,0.07
GumGum,0.97
Dashbell,0.68
PasswordBox,0.93
First Cut Pro,0.21
Startup Weekend,0.98
Eucalyptus Systems,0.95
Boreal Genomics,0.73
Taggs,0.14
nGage Labs,0.72
Everpath,0.17
Banyan Branch,0.6
Recognition PRO,0.12
Anki,0.56
Dispop,0.38
FreeWheel,0.94
nCino,0.14
Optyn,0.24
Zubie,0.6
Modus eDiscovery,0.24
Knightscope,0.21
Mashape,0.91
Kidlandia,0.7
Sverve,0.79
Shake,0.88
Kroll Bond Rating Agency,0.79
Navigenics,0.67
awe.sm,0.79
ChartSpan Medical Technologies,0.78
Silicon Valley Data Science,0.3
Symform,0.95
Circular Energy,0.06
Array Health Solutions,0.34
Gridium,0.15
Xquva,0.13
m.Labs,0.25
ABPathfinder,0.53
Amaranth Medical,0.21
Elevance Renewable Sciences,0.88
TB Biosciences,0.15
Kaleo Software,0.65
Acceptd,0.13
Phone2Action,0.36
KAIZEN platform,0.64
Takes,0.33
AcuityAds,0.68
ALOHA,0.87
textPlus,0.83
VoAPPs,0.05
drchrono,0.93
Monthlys,0.38
Fuhu,0.76
Resonate,0.94
Idhasoft,0.26
Ziklag Systems,0.38
CleanEdison,0.73
Vehcon,0.22
BME,0.07
Rocketrip,0.36
See Me Group,0.74
Paxata,0.76
Square,1.0
DonorPath,0.07
Endeavor Energy,0.11
Pagevamp,0.21
Darby Smart,0.27
Shyp,0.82
VentureHire,0.13
ColdLight Solutions,0.4
cycleWood Solutions,0.04
Level,0.72
SkyFuel,0.66
Tiggly,0.75
Copley Retention Systems,0.11
Neon labs,0.22
MedCity News,0.04
VelociData,0.16
Front Stream Payments,0.5
DiVitas Networks,0.46
Locket,0.64
RedBrick Health,0.76
Sparkplay Media,0.59
Ranku,0.65
Shareaholic,0.94
Zazma,0.34
Glympse,0.79
Sher.ly Inc.,0.28
Sentinel,0.35
Qlika,0.09
ONDiGO CRM,0.03
Sand 9,0.93
Pigeonly,0.32
Create (Real Estate),0.14
Trov,0.56
Hedvig,0.29
Attendware,0.23
Lastline,0.64
Decision Pace,0.25
Amulyte,0.3
PurThread Technologies,0.2
DataTorrent,0.54
NuMedii,0.3
TheraVid,0.14
Enchanted Diamonds,0.25
MustBin,0.31
Scifiniti,0.31
Tigo Energy,0.98
Zetta,0.77
Coherus Biosciences,0.42
eCommHub,0.52
HighGround,0.38
OpenGov,0.72
Catalyze,0.25
SilverCloud Health,0.22
DoubleVerify,1.0
HAUL,0.42
Marketcetera,0.36
Symvato,0.28
FanBridge,0.72
Groupize.com,0.79
SEWORKS,0.7
FloQast,0.21
ROSTR,0.28
FIGS,0.24
HealthPocket,0.3
ProtoExchange,0.28
Partly Mobile,0.06
Workers On Call,0.01
Social Solutions,0.68
Deep Domain,0.21
2nd Watch,0.69
HuntForce,0.11
Real Food Works,0.67
WebAction,0.35
DropThought,0.36
PlantSense,0.67
NVoicePay,0.09
Allakos,0.35
Phynd Technology,0.12
eduClipper,0.7
Privy,0.41
Touchbase,0.15
Shuttersong,0.7
DriveFactor,0.66
30 Second Showcase,0.21
BuzzFeed,1.0
Opsmatic,0.71
HealthLoop,0.71
Viralheat,0.87
Lattice Engines,0.93
dscovered,0.13
Concert Pharmaceuticals,0.93
Synthego,0.25
Lob,0.34
MedGRC,0.14
takokat,0.52
Drill Map,0.39
CrowdComputing Systems,0.83
TrakBill,0.42
CaseRails,0.11
ReelGenie,0.3
Max Planck Florida Institute,0.05
Tolera Therapeutics,0.21
Loop Commerce,0.21
Angle,0.36
Lift Labs,0.18
Sensentia,0.17
Vaultive,0.91
AxioMx,0.29
7signal Solutions,0.17
Moleculera Labs,0.11
APROOFED,0.12
Swink.tv,0.61
ArborMetrix,0.37
Coherent Path,0.06
spigit,0.79
"Sphere (Spherical, Inc.)",0.51
UpCity,0.78
Tetra Discovery,0.13
VGTI Florida,0.12
Stratos Genomics,0.61
gloStream,0.64
Sofa Labs,0.77
Life360,0.9
CampusTap,0.16
Financial Guard,0.56
Eponym,0.79
Cartiva,0.54
SafetyPay,0.51
iRhythm Technologies,0.95
HealthWarehouse.com,0.26
Notice Software,0.14
Mitro,0.59
lensgen,0.46
Estimote,0.8
Reverb.com,0.21
Boardvote Inc.,0.34
Crowdly,0.54
OutSmart Power Systems,0.13
Blurtt,0.22
Defense.net,0.34
Celtra Inc.,0.96
Traycer Diagnostic Systems,0.13
Kickstarter,0.98
My Ad Box,0.02
Imimtek,0.3
Audiodraft,0.48
Stayful,0.44
Pressgram,0.09
Fliptop,0.82
InteliCloud,0.13
Illumagear,0.16
LaunchTrack,0.07
TROVE Predictive Data Science,0.63
Quirky,0.97
ShopSavvy,0.64
Fulcrum Bioenergy,0.74
UpTap,0.07
Oomba,0.5
Consumer Brands,0.05
Oscar,0.63
Trunk Club,0.72
Lingotek,0.81
Rive Technology,0.95
Sunrun,0.88
Stion,0.61
RingRevenue,0.93
Stumpedia,0.2
Kythera Biopharmaceuticals,0.99
ClickFuel,0.71
Usermind,0.37
Telly,0.87
CRAVE,0.29
Zero Motorcycles,0.43
Fashion GPS,0.42
"Moxie Software, Inc.",0.98
Harbour Antibodies,0.42
Nimble TV,0.85
WiTricity,0.96
Arisdyne Systems,0.16
Xenex Disinfection Services,0.19
SwapMob,0.04
Windsor Circle,0.6
vIPtela,0.41
Skillbridge,0.14
Fara,0.09
AthletePath,0.13
Foneshow,0.11
DescribeMe,0.05
ACT Biotech,0.36
SciAps,0.2
TightDB,0.27
OnlineSheetMusic,0.1
EdeniQ,0.92
Sauce Labs,0.96
OneMorePallet,0.03
Ezoic,0.74
"Kiwi, Inc.",0.63
younity,0.71
gozent,0.04
Glycos Biotechnologies,0.79
Miragen Therapeutics,0.84
Astute Medical,0.56
Novasentis,0.45
Amplience,0.74
iQCoPay,0.25
AboutUs.org,0.91
Pwnie Express,0.73
LegalReach,0.21
SurroundsMe,0.07
Urban Airship,0.99
Solar Junction,0.69
Bolster,0.77
Vubiquity,0.64
Register My Info«,0.28
Signal Data,0.76
Littlecast,0.22
Claim Maps,0.2
Transcend Medical,0.82
Carmot Therapeutics,0.09
Raynforest,0.27
MyTraining,0.25
SoundRoadie,0.04
Scopix,0.33
RxVantage,0.92
Freeosk Inc,0.2
Personalized Beauty Discovery,0.15
GELI,0.6
OnBeep,0.63
Tow Choice,0.1
Pharmly,0.12
BuildersCloud,0.82
View the Space,0.41
Map Decisions,0.06
Brazen Careerist,0.75
UserTesting.com,0.44
Kypha,0.05
C9 Inc.,0.85
SLIC games,0.01
Happify,0.81
PhoRent,0.07
Sagent Pharmaceuticals,0.4
Biozone Pharmaceuticals,0.2
Zypsee,0.2
Talenthouse,0.98
Ideal Power,0.32
CalciMedica,0.3
ThirdLove,0.49
CurTran,0.37
Lightwave Power,0.14
BioStable,0.04
Vizerra,0.65
RiffTrax,0.23
TVU Networks,0.73
Applied Genetics Technologies Corporation,0.48
Silicor Materials,0.86
Solix Biofuels,0.5
1366 Technologies,0.88
IceBreaker,0.66
IdeaPaint,0.56
Sticher,0.04
Versartis,0.91
Cempra,0.64
"Orasi Medical, Inc.",0.1
Spreedly,0.66
Cervilenz,0.24
Virdia,0.67
Trevena,0.69
Solexant,0.73
ShoutEm,0.67
Collecta,0.7
OwnEnergy,0.85
D.light Design,0.74
InSync Software,0.76
CSID,0.52
Redux,0.79
NGM Biopharmaceuticals,0.8
FORMA Therapeutics,0.86
Y Combinator,0.89
Inkling,0.34
GuestCentric Systems,0.58
Buzzient,0.85
SolarReserve,0.77
2U,0.99
Raptr,0.96
Yasmo,0.15
Global Fitness Media,0.24
Siluria Technologies,0.94
Actinobac Biomed,0.04
Accellos,0.61
FertilityAuthority,0.24
Small Bone Innovations,0.52
Parasol Therapeutics,0.42
GoldSpot Media,0.93
Sportsmanias,0.01
Panorama Education,0.81
Ocular Therapeutix,0.82
RivalHealth,0.15
Prevently,0.75
Bell Biosystems,0.22
Personal,0.9
NewsMaven,0.1
EVO Media Group,0.18
Lycera,0.77
Social Toaster,0.15
PRSM Healthcare,0.03
Covario,0.85
SendMe,0.9
Easel Learn,0.18
Kimerick Technologies,0.62
Maginatics,0.77
Autobook Now,0.4
TrendKite,0.21
Unite Us,0.34
mWater,0.13
Myfacepage,0.34
Servergy,0.37
Omni-ID,0.33
CourseWeaver,0.12
eClinic Healthcare,0.15
Si2 Microsystems,0.27
SpinMedia,1.0
emoteShare,0.12
Physicians Interactive,0.91
TARIS Biomedical,0.98
RunTitle,0.23
Databox,0.2
Abodo,0.07
Vestagen Technical Textiles,0.33
dMetrics,0.44
Inspire Medical Systems,0.44
Spiracur,0.68
BiOptix Inc.,0.1
Maxymiser,0.91
Catch.com,0.63
MojoPages,0.74
VytronUS,0.32
High Gear Media,0.88
Energy Excelerator,0.69
MicroTransponder,0.11
SalonBooker,0.52
Coskata,0.95
ChallengePost,0.83
R2 Semiconductor,0.69
Sproutling,0.69
Issuu,0.84
DeciZium,0.6
Arkeo,0.09
Hyperion Therapeutics,0.95
Mine,0.08
Promoter.io,0.29
Howcast,0.72
Set.fm,0.21
SL8Z | CrowdSourced Recruiting,0.1
"AutoWeb, Inc.",0.31
Gocella,0.85
StyleCaster,0.95
Keaton Row,0.67
AltaRock Energy,0.98
Epy.io,0.12
BillShrink,0.91
y prime,0.11
Second Light,0.03
Engineered Carbon Solutions,0.04
Grain Management,0.17
Stroho,0.02
Celebrations.com,0.81
9Lenses,0.18
Curiosidy,0.05
AutoShag,0.05
Edtrips,0.14
HealthID Profile,0.11
Teambox,0.75
Outbrain,1.0
Salsify,0.53
HourlyNerd,0.12
Pixel Press,0.26
Project Travel,0.14
BOLD Guidance,0.19
Lively Inc.,0.22
Beepi,0.22
MXD3D,0.33
Distill,0.34
Simplilearn,0.78
Homesnap,0.62
Savara Pharmaceuticals,0.78
Inception Sciences,0.26
Tarpon Towers,0.13
ShomoLive,0.25
Philadelphia School Partnership,0.1
GreenBytes,0.89
BookingPal,0.5
Striped Sail,0.19
Graphene Frontiers,0.06
Indi Molecular,0.22
GIDEEN,0.17
NewTide Commerce,0.06
Droplr,0.13
Designer Pages Online,0.53
Cureatr,0.8
Enmetric Systems,0.21
"Famigo, Inc.",0.03
Precipio Diagnostics,0.55
ustyme,0.12
Synergis Education,0.41
Revenew,0.28
Kids360,0.1
HealthyMe Mobile Solutions,0.08
Continuity Engine,0.44
APE Systems,0.19
Netskope,0.93
Edevate,0.49
OLX,0.86
Kingdom Scene Endeavors,0.53
Tailwind,0.33
Evolve IP,0.66
DeliRadio Concert Network,0.77
NeoChord,0.39
IXC Global,0.21
Operating Analytics,0.3
Newzulu USA,0.38
Exiles,0.71
Cove Financial Group,0.53
World Business Lenders,0.43
Iris Mobile,0.32
GadgetATM,0.03
Curse,0.58
The Fabric,0.3
Jelli,0.93
RecordSetter,0.73
Zumi Networks,0.12
Drink Up Downtown,0.41
Cuipo,0.12
Photofy,0.54
Whole Sale Fund,0.06
iGuiders,0.52
Boxer,0.28
G1 Therapeutics,0.42
Clinical Ink,0.13
Fortscale,0.67
Bleacher Report,1.0
TextPower,0.05
Cianna Medical,0.42
Appetas,0.14
Binfire,0.1
Sweetspot Intelligence,0.22
Superpedestrian,0.26
Rocket Lawyer,0.94
1stGig.com,0.42
LifeGuard Games,0.22
Zosano Pharma,0.82
Nutonian,0.36
CareLinx,0.1
YaBeam,0.03
Catchpoint Systems,0.77
mVakil,0.17
shopkick,0.89
PT PAL,0.08
Shakti,0.1
RapidMiner,0.88
Prairie Cloudware,0.1
Tioga Energy,0.86
Topple Track,0.08
Central Desktop,0.74
Twelve,0.27
Kickserv,0.6
Campus Quad,0.09
Nurix,0.18
CloudLock,0.89
Calysta Energy,0.16
RPLY,0.02
Euclises Pharmaceuticals,0.07
DidLog,0.2
Mode De Faire,0.06
Terrajoule,0.69
Prometheus Energy,0.16
ComQi,0.88
9Mile Labs,0.08
Opternative,0.51
Energy Harvesters LLC,0.09
Action Online Publishing,0.16
Phi Optics,0.09
Jack Erwin,0.16
Espresso Logic,0.68
Jut Inc,0.8
Mzinga,0.93
Infolinks,0.74
Obiesoft,0.19
ApplyInc.com,0.28
Compumatrix,0.7
Drop Ætil you Shop,0.16
Validic,0.58
LoanLogics,0.21
VideoIQ,0.9
Maxta,0.36
Oceanshalo,0.12
Oris4,0.57
TouchBistro,0.37
Knozen,0.46
Lumense,0.16
eBooks in Motion,0.42
Phreesia,0.99
QualtrÚ,0.8
iZ3D,0.08
WinLoot.com,0.19
CyberCity 3D,0.56
CloudCrowd,0.92
LiveExercise,0.16
Bliss Healthcare,0.25
"Trajectory, Inc.",0.36
Mixpanel,0.83
Genera Energy,0.33
ScreenMedix,0.04
Allergen Research Corporation,0.25
Glassful,0.15
Niche.co,0.49
AGAVOO VideoConferencing,0.35
L'Idealist,0.62
ABSMaterials,0.25
Mouth Foods,0.14
ActX,0.14
Arctic Wolf Networks,0.51
Manta,0.4
Codeanywhere,0.34
YCharts,0.74
Mixamo,0.88
BidRazor,0.11
LiveRail,0.95
Coda Automotive,0.63
An Estuary,0.05
Cerulean Pharma,0.99
RethinkDB,0.98
Quest Inspar,0.07
Playnery,0.33
Sweetgreen,0.59
FanChatter,0.29
Little Duck Organics,0.19
LocalLux,0.06
OpenDNS,0.87
SmartCloud,0.2
Graphenea,0.06
Convey Computer,0.66
Power Assure,0.97
EcoMotors,0.89
Useful Systems,0.41
ecomom,0.93
RatingBug,0.06
Ampulse,0.78
ROBLOX,0.9
Asana,0.99
DNAnexus,0.88
Innovid,0.95
Bill.com,0.99
Vuze,0.96
Next Big Sound,0.84
SendGrid,0.99
Graphicly,0.96
Rezora,0.31
Phonezoo,0.56
DecisionDesk,0.4
ForSight Labs,0.75
Panaya,0.96
Rapid Micro Biosystems,0.63
Pelican Imaging,0.96
Tripology,0.64
ScanDigital,0.49
Parsely,0.9
BStock Solutions,0.31
Opower,0.96
GreenLink Networks,0.26
Grafighters,0.21
"IZEA, Inc.",0.93
Intelligent Clearing Network,0.46
ShoutNow,0.13
MobileIron,0.97
Socialware,0.62
Fashion Playtes,0.91
Apptio,0.99
PodTech,0.54
ClearFit,0.93
Yummly,0.81
Jingle Punks Music,0.83
AGLOGIC,0.34
Nobex Technologies,0.01
eVendor Check,0.03
Vdopia,0.89
Fanbase,0.44
Complete Genomics,0.95
Janrain,0.98
WOWIO,0.58
CalStar Products,0.88
FooPets,0.27
UpWind Solutions,0.78
Solasta,0.17
Inovus Solar,0.08
StuffBuff,0.28
Tech Cocktail,0.62
Bloom Health,0.51
OxiCool,0.02
TwinStrata,0.94
FRX Polymers,0.36
TalkShoe,0.88
MOTA Motors,0.62
Yext,1.0
BiOM,0.96
woodpellets.com,0.53
LearnVest,0.94
Soraa,0.97
FireHost,0.78
Zumobi,0.84
Tapjoy,1.0
Appolicious,0.65
Change.org,0.95
Rackup,0.26
Retailigence,0.93
Breakthrough Behavioral,0.89
Skydeck,0.12
Okta,0.98
Virtustream,0.85
Rethink Robotics,0.97
BlenderHouse,0.04
Crono,0.18
CoolHotNot Corporation,0.67
SeatGeek,0.92
Zuora,1.0
inDinero,0.88
Miramar Labs,0.8
InnomiNet,0.02
Lotame,0.96
Jivox,0.79
Skimble,0.34
Centrl,0.24
ShareThis,1.0
Dreamerz Foods,0.14
Localytics,0.93
HaveMyShift,0.67
Kijubi,0.61
Schoology,0.84
SpareFoot,0.78
Sientra,0.76
iTwixie,0.03
Udemy,0.83
Wikia,0.99
CitySourced,0.62
Tube2Tone,0.06
Cogentus Pharmaceuticals,0.4
Zayo Bandwidth,0.32
Voyage Medical,0.74
CareCloud,0.95
Segetis,0.75
Vibrynt,0.77
Recurly,0.87
Vivaldi Biosciences,0.27
Akebia Therapeutics,0.91
Roomorama,0.85
Gnip,0.93
Wrike,0.78
Soane Energy,0.17
Adly,0.86
Upward Mobility,0.18
Perfecto Mobile,0.86
Sungevity,0.89
PaySimple,0.83
CardiAQ Valve Technologies,0.49
IngBoo,0.47
Octopart,0.84
Roambi,0.75
Altius Education,0.91
Virtual Instruments Corporation,0.89
MerchantAtlas,0.8
Marketfish,0.82
HasOffers,0.84
Brightpearl,0.9
Mocapay,0.54
iPierian,0.86
Compass Labs,0.92
Invodo,0.43
Apperian,0.94
Advanced Cell Diagnostics,0.84
Cognition Therapeutics,0.42
PitchBook Data,0.24
Rennovia,0.49
Springpad,0.76
ShowClix,0.79
VeriTeQ Corporation,0.1
Cash4Gold,0.28
MovingHealth,0.28
Milyoni,0.78
ScanCafe,0.77
GenieDB,0.37
"LendKey Technologies, Inc.",0.93
View Inc.,0.92
3-V Biosciences,0.75
KidZui,0.88
Dachis Group,0.97
Constellation Pharmaceuticals,0.96
EnglishCentral,0.93
PetMD,0.17
Getable,0.81
Kolltan Pharmaceuticals,0.68
Factual,0.87
Act-On Software,0.95
Red Tricycle,0.89
BigDoor,0.86
Centrifuge Systems,0.83
AwayFind,0.76
zozi,0.89
Acetylon Pharmaceuticals,0.7
Wikibon,0.25
Scout Analytics,0.49
Reachable,0.96
Clinverse,0.55
Flexion Therapeutics,0.84
Windlab Systems,0.13
AnchorFree,0.95
Dropcam,0.94
20x200,0.89
Currensee,0.97
Vivo,0.26
Networked Insights,0.86
Quality Technology Services,0.76
Agari Data,0.96
Rocketboom,0.5
Cloud Engines,0.67
Organic Motion,0.58
PlayHaven,0.69
Virdante Pharmaceuticals,0.73
Ticketfly,0.94
PagerDuty,0.71
VitaPath Genetics,0.42
OpenX,1.0
Netbooks,0.87
Altruik,0.89
Moovweb,0.87
GoCrossCampus,0.7
Acumatica,0.93
LinkSmart,0.92
PaxVax,0.92
Cloud Sherpas,0.97
Integrated Diagnostics,0.85
Rdio,0.92
The Grommet,0.83
Affectiva,0.86
Putney,0.31
Vertical Brands,0.75
Ortho Kinematics,0.11
Velomedix,0.5
Augmenix,0.91
Cequent Pharmaceuticals,0.84
Yidio,0.56
Doxo,0.82
Enroute Systems,0.22
Zenph,0.13
Sensr.net,0.78
RockLive,0.34
TimeSight Systems,0.52
Swipely,0.94
Evidon,0.94
Glyde,0.69
Quorum,0.92
NextImage Medical,0.2
Entellus Medical,0.93
WorkSimple,0.69
Mahalo,0.5
Kickball Labs,0.31
Active Storage,0.81
Stemina Biomarker Discovery,0.08
AppTap,0.73
Ready Financial Group,0.45
YippeeO Internet Marketing Solutions,0.46
GOSO,0.7
FreshPlanet,0.7
SeeClickFix,0.7
MyFit,0.67
Root Metrics,0.07
TeamSnap,0.82
Receptos,0.81
Sun Catalytix,0.89
Business Insider,0.91
The Echo Nest,0.91
Thumbtack,0.9
SustainX,0.79
CloudFlare,0.95
Sport Ngin,0.8
Perfect Market,0.95
iYogi,0.91
Totsy,0.82
RadiumOne,0.99
Horizon Data Center Solutions,0.57
Worldly Developments,0.9
Glassdoor,0.99
Intelliject,0.72
Molecular Detection,0.48
ShopIgniter,0.95
Vokle,0.49
VisibleGains,0.61
Laser Light Engines,0.77
ZEFR,0.99
GlassPoint Solar,0.78
Burstly,0.67
KLD Energy Technologies,0.44
ParkWhiz,0.79
Movik Networks,0.68
Wortal,0.14
Grocio,0.27
Dwolla,0.97
Scrybe,0.73
Collaborative Software Initiative,0.55
OrangeSlyce,0.33
Livefyre,0.98
Svelte Medical Systems,0.3
BMRW & Associates,0.69
Penthera Partners,0.57
Clarity Health Services,0.16
Nautilus Neurosciences,0.48
MC10,0.91
CloudShare,0.94
Pfenex,0.28
EnergySavvy.com,0.64
Atomic Moguls,0.63
SuVolta,0.94
Signpost,0.94
Biofuelbox,0.2
Pixability,0.9
SupportSpace,0.96
Bonobos,0.91
PharmMD,0.41
GuestSpan,0.71
Olapic,0.85
Edmodo,0.75
StarStreet,0.81
Noovo,0.35
Palmaz Scientific,0.37
AudioMicro,0.58
Boomerang.com,0.54
Sonexa Therapeutics,0.81
BetaBrand,0.71
The American Academy,0.85
CitizenNet,0.2
Databanq,0.3
Ophthotech,0.93
Nasuni,0.95
Spongecell,0.96
BillGuard,0.96
Bluenog,0.58
UpStart Mobile,0.22
Carmell Therapeutics,0.66
Cloud9,0.75
Ace Metrix,0.94
Article One Partners,0.83
Mirna Therapeutics,0.9
Paperless Post,0.87
Trefis,0.76
Biodesy,0.28
FieldView Solutions,0.65
Afferent Pharmaceuticals,0.76
WiserTogether,0.72
Tubaloo,0.68
PhaseRx,0.59
Familybuilder,0.8
Viewfinity,0.96
Datavail,0.82
Harvest Power,0.96
Appboy,0.9
Socrata,0.66
CrowdStar,0.79
Zipline Medical,0.28
GreenRay Solar,0.51
Nimbic (formerly Physware),0.82
WePay,0.99
Integral Ad Science,1.0
Kala Pharmaceuticals,0.92
Kabbage,0.96
Comic Wonder,0.04
Drawn to Scale,0.78
Trigemina,0.11
Venuelabs,0.81
EcoFactor,0.94
ScrollMotion,0.76
Atieva,0.83
Egnyte,0.91
ADstruc,0.96
Echo,0.97
Digital Lumens,0.9
MindJolt,0.87
Dicerna Pharmaceuticals,0.84
Quora,0.97
Precursor Energetics,0.25
Clean Power Finance,0.99
Theravasc,0.16
RetailNext,0.86
RegaloCard,0.07
Primadesk,0.66
PackLate.com,0.55
Harvest Automation,0.95
VisualShare,0.09
Predictive Biosciences,0.97
Silatronix,0.03
Dynadec,0.72
Virtify,0.87
eHealth TechnologiesÖ,0.88
LifeIMAGE,0.66
Lucidchart,0.85
Advanced Cardiac Therapeutics,0.15
VigLink,0.99
"BIND Therapeutics, Inc.",0.98
Cloud Technology Partners,0.87
VentiRx Pharmaceuticals,0.85
DramaFever,0.8
OneLogin,0.95
Damballa,0.86
HighTower Advisors,0.69
Obvious,0.67
SpiderCloud Wireless,0.87
eSolar,0.7
Impact Radius,0.74
Presto Engineering,0.69
MightyMeeting,0.41
140 Proof,0.95
ShopKeep POS,0.93
A la Mobile,0.89
Sociable  Labs,0.96
Confer,0.65
Metaconomy,0.67
Liquid Robotics,0.99
Taulia,0.95
Wanelo,0.9
Tarsa Therapeutics,0.81
Catabasis Pharmaceuticals,0.83
Rixty,0.78
HireAHelper,0.05
Virobay,0.38
Jumio,0.98
Vico Software,0.39
Couchbase,0.96
Unidesk,0.87
Sociocast,0.88
Thinking Phone Networks,0.97
Shoutlet,0.79
TransEnterix,0.8
ABT Molecular Imaging,0.81
Adimab,0.94
Clean Filtration Technology,0.28
Boxbe,0.28
Beezag,0.51
OnGreen,0.64
Grid2Home,0.71
Zettics.,0.84
HarQen,0.94
StellaService,0.94
e2e Materials,0.68
Ontela,0.51
Infrastruct Security,0.24
nPario,0.82
Inkling Systems,0.88
Ciris Energy,0.6
ChaCha,0.99
RichRelevance,1.0
Someecards,0.73
mySupermarket,0.91
Salient Pharmaceuticals,0.41
Yowza,0.32
Oblong Industries,0.89
Solum,0.93
Onit,0.54
Small World Labs,0.51
CyPhy Works,0.41
Pie Digital,0.76
Zyngenia,0.66
Hooked Media Group,0.5
Spazzles,0.24
PayNearMe,0.82
LensVector,0.87
Piazza,0.68
Small Demons,0.84
Avalanche Technology,0.95
Tap 'n Tap,0.24
Koding,0.91
Zettaset,0.94
Backupify,0.98
DirectLaw,0.2
Simple,0.96
Company.com,0.37
CCTV Wireless,0.31
AboutOne,0.76
buuteeq,0.94
Tunesat,0.69
Indigo Identityware,0.48
BillFloat,0.88
Yardsellr,0.61
Zoodles,0.72
Path,0.97
Simpli.fi,0.92
EnerVault,0.61
Spredfast,0.9
Tango Card,0.84
Coupa Software,0.99
echoecho,0.6
Eleutian Technology,0.12
Justinmind,0.14
Vook,0.98
ShiftPlanning,0.51
Loggly,0.93
Gemvara,0.97
MarketMeSuite,0.7
Orbit Media,0.41
Mojiva,0.94
Tradeshift,0.8
Spreaker,0.59
Appia,0.96
HubCast,0.91
MeMeMe,0.52
Dropbox,1.0
MetroGames,0.19
RoundPegg,0.74
Suncore Inc,0.06
General Compression,0.42
ZipZap,0.65
Librato,0.75
Rent the Runway,1.0
CampusBookRentals,0.63
GitHub,0.98
Mobile Posse,0.91
Zipit Wireless,0.08
ScoreBig,0.93
tenKsolar,0.57
TenMarks Education,0.83
beModel,0.59
BraveNewTalent,0.93
Intelligent Beauty,0.37
Svaya Nanotechnologies,0.33
Prudent Energy,0.7
ConteXtream,0.92
TinderBox,0.69
MetaChannels,0.08
Bit Cauldron,0.23
HelloWallet,0.9
Premonix,0.34
Attendio,0.16
Scientific Media,0.23
Fracture,0.48
Keen Systems,0.88
BrightEdge,0.96
Eleven Biotherapeutics,0.98
AppFirst,0.94
SocialVolt,0.68
Mixed Media Labs,0.67
Precise Path Robotics,0.45
ActiveTrak,0.8
Payfone,0.94
Baydin,0.78
FindTheBest,0.91
Boom Financial,0.73
OneHealth Solutions,0.64
Asuragen,0.65
NearVerse,0.66
NetSpark,0.55
Triangulate,0.75
AlienVault,0.97
OrthAlign,0.12
Rhythm Pharmaceuticals,0.97
NextDocs,0.95
Done In :60 Seconds,0.2
Spectral Image,0.09
Jana Mobile,0.83
mygola,0.32
Promedior,0.95
Silk Road Medical,0.17
Trada,0.96
Smartling,0.98
Counsyl,0.96
AdRoll,0.97
Duo Security,0.69
KnowledgeVision,0.87
JIBE,0.99
Genome,0.15
ImmuneWorks,0.2
BostInno,0.37
Arigo,0.4
Workube,0.38
Extension Entertainment,0.79
Betterment,0.91
Calera,0.53
LeisureLink,0.81
Weebly,0.64
nScaled,0.82
Aerohive Networks,0.92
SocialVest,0.24
ItsOn,0.83
TreeRing,0.49
500Friends,0.97
Response Analytics,0.31
"Remixation, Inc.",0.41
goBalto,0.53
Artsy,0.94
Quixey,0.93
GoLive! Mobile,0.24
Yola,0.94
Risk I/O,0.87
Tripping,0.82
ReadyForce,0.99
Kaiam,0.76
WhoSay,0.78
Assay Depot,0.48
Brightleaf,0.4
Sakti3,0.6
Chat Sports,0.72
Aldis,0.36
SalesPortal,0.93
Ark,0.69
MUBI,0.62
OpenSky,0.96
Abe's Market,0.69
appbackr,0.71
Druva,0.92
UserVoice,0.98
Tout,0.94
Payoff.com,0.85
Playrific,0.24
ControlScan,0.12
Big Live,0.14
VideoGenie,0.97
Karmasphere,0.79
Inneractive,0.95
UberMedia,0.9
Invested.in,0.81
VeriTweet,0.05
Sleep.FM,0.15
ServiceMax,0.97
Firebase,0.84
Commerce Guys,0.73
Blue Frog Gaming,0.78
TellApart,0.93
Datameer,0.87
Health Plan One,0.88
skedge.me,0.86
LiveIntent,0.96
Pear (formerly Apparel Media Group),0.9
Envis,0.33
Ambassador,0.73
Guerillapps,0.68
3Pillar Global,0.7
Rethink Books,0.74
Macheen,0.93
Doochoo,0.91
Guardtime,0.74
SupersonicAds,0.83
DataStax,0.97
Revinate,0.63
GreenWizard,0.23
BAROnova,0.85
Planet Soho,0.97
IntegriChain,0.28
T2 Biosystems,0.99
Ampla Pharmaceuticals,0.22
Audiosocket,0.44
Zazuba,0.3
TruMarx Data Partners,0.2
AirXpanders,0.78
AKSEL GROUP,0.28
Qliance Medical Management,0.72
Utility Associates,0.21
AccelOps,0.87
Triggit,0.93
Assured Labor,0.83
Invictus Marketing,0.12
Joule Unlimited,0.99
Ofuz,0.25
E la Carte,0.75
LearnBoost,0.86
Narrative Science,0.84
Kaggle,0.88
MeeGenius,0.62
Cloudant,0.92
numberFire,0.88
CX,0.53
Identified,0.96
Corduro,0.43
TraceVector,0.94
MyCityWay,0.75
"Tidemark Systems, Inc.",0.78
Alphabet Energy,0.96
AppDynamics,0.97
Presdo,0.34
ConnectAndSell,0.94
Flipboard,0.98
Betterfly,0.86
Market Factory,0.25
The Extraordinaries,0.37
TuneWiki,0.77
Kiva,0.99
Disruptor Beam,0.38
Estately,0.45
Digitalsmiths,0.98
Bloomfire,0.85
Direct Access Software,0.09
KnowledgeTree,0.71
Ringio,0.36
Modo Labs,0.72
Upfront Digital Media,0.89
eEvent,0.5
Slice,0.89
Syapse,0.76
GloNav,0.14
Sprinklr,0.99
Sprout Social,0.81
Sequent Medical,0.88
Telcare,0.7
Cedexis,0.84
Fluidinfo,0.61
FamilyFinds,0.88
MetaLayer,0.2
Manpacks,0.75
aroundtheway,0.32
TaskRabbit,0.98
This Week In,0.61
Thinking Screen Media,0.72
ShopSocially,0.78
Yottaa,0.85
Trapit,0.7
Novel,0.67
ConsumerBell,0.86
Zeebo,0.7
CrowdTwist,1.0
SumZero,0.76
Kabam,1.0
Delfigo Security,0.25
Metamarkets,0.95
PhoneTell,0.34
Perfect Escapes,0.32
TroopSwap,0.41
Ebyline,0.25
Zivity,0.82
JW Player,0.97
RealDirect,0.83
Panzura,0.98
Ogmento,0.7
BioWizard,0.05
Mission Motors,0.73
The Trade Desk,0.97
Recorded Future,0.98
Traxo,0.77
Cross Pixel Media,0.39
Predixion Software,0.84
Altura Medical,0.61
RelayRides,0.97
Mogotest,0.34
SocialSci,0.82
Social Rewards,0.8
Lighter Capital,0.82
Thumb,0.94
Fabricly,0.65
Zift Solutions,0.73
ImaCor,0.33
GridGain Systems,0.62
Argyle Data,0.93
SocialFlow,0.97
Geo Semiconductor,0.91
MediaPass,0.66
Quantum4D,0.15
Chirpify,0.75
BeachMint,0.99
ISBX,0.51
MapR Technologies,0.97
NetworkingPhoenix.com,0.09
Base CRM,0.81
Ensysce Biosciences,0.04
Yoono,0.74
Castlight Health,0.98
Gogobot,0.86
Veracyte,0.95
SiOnyx,0.86
BuildZoom,0.8
Igenica,0.83
Work Market,0.99
GodTube,0.49
Remind101,0.92
Abine,0.87
TakeLessons,0.78
SocialEngine,0.44
Instructure,0.92
Crown in Town,0.31
ShapeUp,0.88
InvitedHome,0.12
GreenWave Reality,0.55
VoltDB,0.69
ArmedZilla,0.39
Affirmed Networks,0.87
PVPower,0.18
Offerpop,0.95
Sencha,0.94
IndyGeek,0.15
Mashed Pixel,0.73
Local Offer Network,0.66
CoverHound,0.78
Lonestar Heart,0.76
OwnLocal,0.91
Wappwolf,0.66
Fanzter,0.79
Work4,0.92
Rule.,0.62
DudaMobile,0.85
Zingaya,0.27
Shooger,0.23
Valeritas,0.95
MediaSilo,0.72
aDealio,0.65
Adesto Technologies,0.82
DataPop,0.81
Gizmo.com,0.6
Talend,0.94
SnapLogic,0.98
AqueSys,0.64
Uber,1.0
Teamly,0.48
AbilTo,0.61
Zerto,0.91
DoubleDutch,0.88
Maven,0.29
AlloCure,0.88
Taskforce,0.24
Scality,0.92
Axilogix Education,0.36
OpenRoad Integrated Media,0.13
Calithera Biosciences,0.67
WeddingWire Inc,0.81
Corridor Pharmaceuticals,0.66
Exosome Diagnostics,0.62
Otonomy,0.75
AwarenessHub,0.76
Easy Solutions,0.14
GoalSpring Financial,0.09
Insight Guru,0.21
Juice In The City,0.3
GOBA,0.25
Achieve X,0.1
Quintesocial,0.02
Shoefitr,0.53
Badgeville,1.0
Dakwak,0.53
GinzaMetrics,0.83
Norse,0.7
RecycleMatch,0.61
GrabCAD,0.95
Crowdtap,0.89
Farfetch,0.72
ShadesCases inc.,0.2
Optimizely,1.0
Ze Frank Games,0.3
EndoStim,0.45
CPUsage,0.82
TabbedOut,0.85
PiCloud,0.83
BranchOut,0.97
Scifiniti.com,0.59
PeopleMatter,0.88
Appfolio,0.55
Actifio,0.98
Delphinus Medical Technologies,0.26
SecretBuilders,0.27
SiteWit,0.22
Moseo (SeniorHomes.com),0.77
OpenStudy,0.36
PolicyStat,0.43
On Demand Therapeutics,0.2
CytoSolv,0.06
Redwood Bioscience,0.18
Thermalin Diabetes,0.19
Paperlit,0.09
Plum District,0.95
TuneUp,0.95
anywayanyday,0.17
Callvine,0.26
Petflow,0.95
ClearSlide,0.95
Convoke Systems,0.72
Immune Design,0.76
Fast Society,0.84
Kony,0.9
TrustCloud,0.8
Rapleaf,0.94
Victrio,0.83
Farmigo,0.57
Zagster,0.65
Kanjoya,0.99
Mozes,0.93
Source4Style,0.74
MyVerse,0.26
rVita,0.13
ADOR,0.96
Profitably,0.84
Kiip,0.87
Explorys,0.75
FutureAdvisor,0.4
Securus,0.1
SolidFire,0.98
Stipple,0.94
ProviderTrust,0.67
Global Grind,0.95
Embedly,0.52
Korrio,0.64
Adaptly,0.96
SPARQ,0.35
Empower Interactive,0.38
ContextLogic,0.88
BlueCava,0.97
Keepio,0.72
BoostCTR,0.92
Levlr,0.3
Stitcher,0.9
scrible,0.38
Grovo,0.83
BUMP Network,0.95
Intellicyt,0.66
Activate Networks,0.76
Clickst,0.11
I Just Shared,0.36
Chequed.com,0.82
Send the Trend,0.69
Nanigans,0.98
BrightTag,0.95
Visterra,0.93
Ciespace,0.86
MindSnacks,0.81
BusinessCard2,0.55
SocialVibe,1.0
Booshaka,0.45
Metamark Genetics,0.8
Gamify,0.43
SocialKaty,0.31
HEMS Technology,0.06
Hipmunk,0.89
SI-BONE,0.61
Genocea Biosciences,0.99
eThor.com,0.24
SavingStar,0.98
Swift Biosciences,0.42
Aristotle Circle,0.85
Visual IQ,0.81
Welltok,0.78
Anchor Therapeutics,0.87
picaboo,0.78
UsTrendy,0.44
FanFueled,0.81
Zoosk,0.97
6fusion,0.68
Chartio,0.76
FSA Store,0.63
HealthTap,0.97
Leftronic,0.81
Dstillery (formerly Media6Degrees),1.0
Atlantis Computing,0.93
SpaceCurve,0.65
Inveni,0.33
Miso Media,0.85
Federated Sample,0.5
Apsalar,0.95
InternMatch,0.73
Lending Club,1.0
WatchParty,0.29
Inflection,0.98
Consumer United,0.9
AirCell,0.77
Chug,0.28
iStoryTime,0.3
Animeeple,0.01
mobli,0.84
Ambiq Micro,0.82
Bizo,0.92
Wedit,0.24
Cebix,0.59
Amedica,0.95
Orbotix,0.79
xAd,0.99
GutCheck,0.77
Good Start Genetics,0.98
Biotectix,0.12
MaxPoint Interactive,0.82
Quid,0.96
Fundly,0.95
Getaround,0.86
SG Biofuels,0.94
Knewton,0.99
TubeMogul,0.98
Kigo,0.71
Independa,0.7
Noom,0.69
Lantos Technologies,0.66
Superfly,0.67
Tapad,1.0
Cirtas Systems,0.92
Solve Media,0.99
Ifeelgoods,0.91
Aryaka Networks,0.84
Promoboxx,0.98
BloomReach,0.99
Boston Heart Diagnostics,0.96
CivicSolar,0.56
Voxy,0.96
Watermark Medical,0.64
Infectious,0.79
Stormpulse,0.73
Rev,0.73
WhatsApp,0.69
TextualAds,0.86
PerkStreet Financial,0.86
Adype,0.11
lark,0.82
Gild,0.9
Socialbakers,0.96
CytomX Therapeutics,0.95
SkyVu Entertainment,0.66
Minimally invasive devices,0.34
Green Mountain Digital,0.47
Rivalroo,0.21
PVT Solar,0.76
Netsertive,0.9
Campus Explorer,0.74
Krux,0.77
Votigo,0.14
Ioxus,0.93
brandlive,0.31
Thinglink,0.63
Phunware,0.83
Digabit,0.74
Prosper,0.99
Flywheel Software,0.78
Savvy Cellar Wines,0.05
Adaptivity,0.83
Acertiv,0.72
CityCiv,0.26
Argyle Social,0.7
MobPanel,0.02
WP Engine,0.8
Ecovative Design,0.82
Highlighter,0.72
Tango,0.82
Meal Ticket,0.63
Conference Hound,0.69
Pinterest,0.99
CarWoo!,0.91
Sharecare,0.93
AHAlife.com,0.84
CloudBees,0.97
Anaplan,0.98
Pure Storage,0.9
GoodData,0.99
OneGoodLove.com,0.71
Krossover,0.85
64 Pixels,0.26
moksha8 Pharmaceuticals,0.45
Memoir Systems,0.31
Deal Co-op,0.35
ChowNow,0.88
Genomera,0.73
Spruce Media,0.88
Haiku Deck,0.79
Enlighted,0.71
OraBrush,0.74
"ArrayPower, Inc.",0.21
Zingfin,0.18
Videolla,0.28
H.BLOOM,0.87
Evolv,0.98
Linkable Networks,0.97
Fisker Automotive,0.03
Simplee,0.9
Connexity,0.5
RewardsForce,0.35
ScaleXtreme,0.86
Spanning Cloud Apps,0.67
peerTransfer,0.91
Rolith,0.53
ViroXis,0.2
Spotlight Ticket Management,0.8
2080 Media,0.3
Proven.com,0.65
Spartz,0.51
ContraFect,0.79
Microventures,0.45
Ticket Evolution,0.72
YouBeauty,0.57
Parkmobile,0.34
Revel Systems,0.79
Endgame,0.83
CloudOn,0.91
Prelert,0.46
NeuroVigil,0.22
Social Bicycles,0.6
VYou,0.86
Zet Universe,0.73
iLEVEL Solutions,0.85
Weston Software,0.22
TransLattice,0.88
Off Track Planet,0.77
MocoSpace,0.95
Intimate Bridge 2 Conception,0.17
HowAboutWe,0.97
Fe3 Medical,0.1
FirstBest,0.89
Practically Green,0.83
NetProspex,0.98
ThirdMotion,0.53
AppRedeem,0.78
Segmint,0.66
Backblaze,0.56
Neptune Mobile Devices,0.06
IMRSV,0.92
appssavvy,1.0
Peel,0.81
Constellation Research,0.6
CrowdMob,0.77
Monetate,0.96
Crittercism,0.9
Shareable Ink,0.86
DriverSide,0.86
Lot18,0.98
Dynamic Signal,0.94
Open English,0.98
NovaTract Surgical,0.4
rollApp,0.73
Voicebase,0.43
Houzz,0.92
InstallMonetizer,0.85
Arbor Pharmaceuticals,0.38
Domain Holdings Group,0.69
Jobaline,0.89
TuneCore,0.91
YouEye,0.76
Cooliris,0.97
Rooftop Media,0.64
SimpleRegistry,0.34
Skillshare,0.89
Nest Labs,0.95
InVenture,0.36
Compute,0.29
MuleSoft,0.97
Beautylish,0.65
Tango Health,0.7
aisle411,0.72
Dataguise,0.66
Spotzot,0.82
WSO2,0.71
Crowd Science,0.83
Objective Logistics,0.91
Stik,0.72
Artsicle,0.37
ADmantX,0.79
Binpress,0.54
Limbo,0.75
CohesiveFT,0.82
Appconomy,0.82
BrandYourself,0.86
Yap,0.86
Skorpios Technologies,0.78
Tizra,0.15
GroupFlier,0.28
BaubleBar,0.49
Cool Earth Solar,0.6
SwiftTest,0.27
Gazzang,0.71
OnShift,0.89
PowerCloud Systems,0.88
SpaBoom,0.28
Sequenta,0.78
UrgentRx,0.56
CityPockets,0.83
BakedCode,0.31
The Receivables Exchange,0.98
Hivext Technologies,0.28
WorthPoint,0.12
Punchbowl,0.98
Chip Path Design Systems,0.12
Pocket Gems,0.42
InvisibleCRM,0.55
Triporati,0.56
Moglue,0.86
Echo360,0.96
Audax Health Solutions,1.0
MongoHQ,0.81
Simple Energy,0.54
Main Street Stark,0.01
Nodejitsu,0.92
SongFlame,0.32
Xenon Arc,0.42
Mass Relevance,0.78
ActivePath,0.96
Cloudscaling,0.92
Addepar,0.75
Practice Fusion,1.0
LiquidSpace,0.86
OpenChime,0.75
Wireless Seismic,0.28
Humble Bundle,0.37
Consumr,0.85
Revolution Foods,0.85
Foodily,0.84
One Inc.,0.65
Skyword,0.8
ThinkVine,0.9
The Lions,0.15
HealthiNation,0.92
StraighterLine,0.42
Cazoomi,0.74
SpotHero,0.84
Sera Prognostics,0.58
Playdek,0.72
Vorbeck Materials,0.31
Gliknik,0.24
ZeroCater,1.0
DailyDigital,0.65
drumbi,0.59
Spring Metrics,0.82
OptiMine Software,0.75
Bunndle,0.76
Lex Machina,0.65
Digital Domain Holdings,0.01
SoundHound,0.69
Civitas Therapeutics,0.78
Fundraise.com,0.78
Proformative,0.42
Puralytics,0.43
Avedro,0.99
LaunchBit,0.49
Supernova,0.89
Lunera Lighting,0.6
AssureRx Health,0.93
Applauze,0.74
Crunched,0.89
Adynxx,0.76
Livestream,0.88
OnSwipe,1.0
Smarterer,0.83
Kind Intelligence,0.6
ShopSocially.com,0.36
Warby Parker,0.96
CrimeReports,0.44
UGE,0.85
TapInfluence,0.77
Wantworthy,0.87
Launchpad Toys,0.28
ThousandEyes,0.73
Curebit,0.78
Verengo Solar,0.69
Titan Gaming,0.94
Updox,0.66
Appinions,0.88
appsplit,0.47
DealDash,0.3
Media Armor,0.89
invino,0.61
StrikeAd,0.94
NEOS GeoSolutions,0.88
Acylin Therapeutics,0.69
AngelList,0.96
Epic Playground,0.28
Spinnakr,0.34
FFFavs,0.59
YapTime,0.18
Piston Cloud Computing,0.98
Pipedrive,0.9
Monster Arts,0.22
Justin.TV,0.95
Digital Assent,0.71
Solar Universe,0.51
Adzerk,0.84
VanDyne SuperTurbo,0.16
Sequent,0.99
Moda Operandi,0.87
Univa,0.82
ScaleBase,0.84
Care.com,0.98
OrthoSensor,0.68
Bioformix,0.83
Frontback,0.86
"Seen Digital Media, Inc.",0.44
Boston Technologies,0.82
Openbucks,0.75
Dinsmore Steele,0.31
Brass Monkey,0.76
LaunchRock,0.88
MediaMorph,0.89
Bizen,0.28
Truveris,0.94
Dynamo Media,0.29
Selvz,0.71
Hearsay Social,0.97
CipherCloud,0.89
Popdust,0.69
InsightSquared,0.93
Boulder Wind Power,0.64
IntegenX,0.9
Needle,0.89
Brand Thunder,0.19
Mobius Therapeutics,0.09
Ustream,0.99
Depositphotos,0.68
CloudPassage,0.9
Presage Biosciences,0.43
Datadog,0.68
Rockbot (formerly Roqbot),0.78
Chirply,0.47
ELENZA,0.27
Zerply,0.8
dotCloud,0.95
uKnow Corporation,0.71
Group Commerce,0.98
MediaRoost,0.12
Spiceworks,0.99
Hazelcast,0.26
Framehawk,0.42
Gen9,0.86
InVisage Technologies,0.87
Symphony Commerce (formerly Sneakpeeq),0.76
Plexxi,0.7
Airpush,0.7
Personify Inc,0.74
Vungle,0.94
Mosoro,0.55
ThingWorx,0.88
Game Closure,0.7
"TargetSpot, Inc.",1.0
Skybox Imaging,0.97
Lendio,0.81
AdaptiveBlue,0.82
RallyOn,0.17
Gremln,0.68
Obsorb,0.48
BreatheAmerica,0.8
Videology,1.0
PapayaMobile,0.8
MyColorScreen,0.17
Kyruus,0.9
HotelTonight,0.91
Room 77,0.96
Diavibe,0.26
I Am Advertising,0.22
NuScriptRx,0.62
Paydiant,0.94
WhiteGlove Health,0.23
Jibe Mobile,0.79
Inspirato,0.86
Bevy,0.37
MobileDevHQ,0.59
Fuze Network,0.74
Transphorm,0.75
Channel IQ,0.62
Kii,0.74
doggyloot,0.61
Yieldbot,0.94
TinyCo,0.8
Sunlight Foundation,0.71
Chartboost,0.86
Cloudwords,0.8
sunne.ws,0.05
Earbits,0.89
Comprehend Systems,0.89
SplitSecnd,0.23
CrestaTech,0.95
Ninua,0.78
Sifteo,0.85
NeuroPhage Pharmaceuticals,0.74
BONDS.COM,0.55
Divide,0.98
Ooyala,1.0
Selligy,0.68
Relayware,0.66
Ruckus Media Group,0.49
Glue Networks,0.86
Totango,0.54
410 Labs,0.76
News360,0.52
YouGotListings,0.3
Bobber Interactive Corporation,0.59
Shelby.tv,0.95
Kindara,0.52
Isabella Products,0.34
Crunchyroll,0.63
Veniti,0.39
Breezy,0.83
Flite,0.99
Retroficiency,0.9
BountyJobs,0.91
Take the Interview,0.86
Booker,0.96
PunchTab,0.87
Kite Pharma,0.38
TripLingo,0.24
NextSpace,0.66
Gobbler,0.97
Nimbus Discovery,0.83
Ringz.TV,0.75
Schematic Labs,0.62
LightSquared,0.65
Danal d/b/a BilltoMobile,0.97
Red Karaoke,0.42
EquaMetrics,0.85
Motista,0.88
RewardMe,0.74
Kicksend,0.83
Foodem,0.71
Doximity,0.86
NxThera,0.7
APPEK Mobile Apps,0.12
Omnicademy,0.21
Suagi.com,0.14
StartWire,0.69
Nevro,0.89
DoubleRecall,0.84
Cognection,0.3
Resort Gems,0.25
Branding Brand,0.75
Convertro,0.91
Altitude Digital,0.9
adRise,0.69
ShopSquad/Ownza,0.19
SoloHealth,0.68
J. Hilburn,0.63
Basis Science,0.92
Scopely,0.89
Bluetrain Mobile,0.74
CivicScience,0.59
LocalBonus,0.83
CMP.LY,0.6
Quote Roller,0.46
Big Switch Networks,0.81
LocBox,0.71
Citybot,0.76
Browserling,0.24
Stageit,0.08
hulu,0.78
Driveway Software,0.34
Mobilewalla,0.64
Nestio,0.64
Inkd.com,0.56
CrowdSource,0.4
LocalResponse,1.0
Message Bus,0.85
ELERTS,0.77
Mobiquity,0.99
CardiaLen,0.12
Tintri,0.72
Luxr,0.64
Fair Observer,0.19
Neverware,0.85
Desmos,0.78
Qstream,0.85
Red Rover,0.88
Pinnacle Engines,0.79
Crowdtilt,0.92
Traetelo.com,0.09
BrightWhistle,0.76
Evoz,0.57
Citymaps,0.77
Wipit,0.55
Postmates,0.86
Geostellar,0.67
SteelHouse,0.97
Lokalite,0.45
Blab Inc.,0.56
Zipline Games,0.63
Cinemacraft,0.73
RightScale,0.82
Invivio Link,0.29
Moat,0.99
Cloudability,0.91
Kickanotch mobile,0.56
"Alteryx, Inc.",0.89
XYDO,0.75
Calico Energy Services,0.24
Liazon,0.94
Tagkast,0.69
My Damn Channel,0.55
PlaceIQ,0.96
Bottlenose,0.79
Tatango,0.47
Everlane,0.74
Ascletis,0.15
Anametrix,0.49
Fiksu,0.81
Magisto,0.84
Kincast,0.06
Saygent,0.67
RFID Global Solution,0.64
General Assembly,0.98
Everloop,0.3
Convo,0.88
Hoopla Software,0.73
VHX,0.86
InVision.,0.27
ToutApp,0.91
Encoding.com,0.77
Fullbridge,0.94
WatchDox,0.96
Synaptic Digital,0.49
EveryMove,0.76
hopscout,0.24
OrganizedWisdom,0.92
MovableInk,0.98
Red Butler,0.36
WordWatch,0.71
ObjectLabs,0.84
Kohort,0.85
Rock Health,1.0
CalmSea,0.73
GMZ Energy,0.78
Nutanix,0.97
Starmount,0.29
Seismic Games,0.67
The Glampire Group,0.14
Mr. Number,0.58
Freshdesk,0.88
Flow Search Corporation,0.95
Channelinsight,0.89
Neocleus,0.81
AppDirect,0.95
Breaktime Studios,0.74
Finalta,0.24
Next Step Living,0.92
SynapDx,0.96
Wellfount,0.21
Samanage,0.83
Relay Network,0.67
Mavizon,0.63
Wayin,0.9
MarketSharing,0.48
Juventas Therapeutics,0.75
Magnet Systems,0.75
SignalSet,0.3
Enthuse,0.61
NoWait,0.75
J. Craig Venter Institute,0.66
SPR Therapeutics,0.3
Placed,0.83
Scoop.it,0.48
Prexa Pharmaceuticals,0.52
Xlumena,0.66
BetterLesson,0.87
REVENUE.com,0.63
iBuildApp,0.54
Kaminario,0.99
BuildFax,0.5
Lua Technologies,0.51
Munchery,0.69
Work For Pie,0.76
Kumbuya,0.68
Pathways Platform,0.68
Zurex Pharma,0.16
Genophen,0.66
Rexter,0.86
Firespotter Labs,0.94
Marketecture,0.78
Navera,0.12
Innovatient Solutions,0.3
Blu Homes,0.53
Funtactix,0.72
Grubwithus,0.84
Medivo,0.94
Dashlane,0.91
SendtoNews,0.68
Brighter.com,0.87
Super Heat Games,0.06
Bypass Mobile,0.03
Videolicious,0.53
CodeGuard,0.72
Seventh Sense Biosystems,0.35
FreeMonee,0.98
Alpine Data Labs,0.95
Claritics,0.61
ZocDoc,0.99
TheSquareFoot,0.85
Typesafe,0.85
newBrandAnalytics,0.85
Voxox Inc.,0.39
Prosodic,0.79
MotherKnows,0.67
MasteryConnect,0.68
The Tap Lab,0.31
Open Places,0.78
Altavoz,0.61
Genbook,0.62
WaterSmart Software,0.76
FanTrail,0.02
Qwiqq,0.34
Searcheeze,0.35
Jirafe,0.97
Triptrotting,0.87
PubMatic,1.0
Yurbuds,0.62
Resolve Therapeutics,0.83
GENWI,0.66
CreditPing.com,0.7
Zanbato,0.88
Fetchnotes,0.73
SessionM,0.99
EndPlay,0.9
Open Road Integrated Media,0.84
TurningArt,0.54
Aquion Energy,0.84
JobOn,0.1
Egghead Interactive,0.31
Greenvity Communications,0.24
BlueStacks,0.76
KISSmetrics,0.96
Southtree,0.07
Placester,0.63
Social Tables,0.77
Personetics Technologies,0.86
Pathway Therapeutics,0.2
Resilient Network Systems,0.44
Senexx,0.4
Fingerprint,0.53
Benzinga,0.54
Spill Inc,0.49
Flomio,0.55
BodeTree,0.49
eCareDiary,0.85
SigFig,0.95
Primus Power,0.63
BenchPrep,0.79
Sample6,0.87
Portalarium,0.9
Woofound,0.6
YouWeb,0.13
Daqri,0.81
adSage,0.79
LOYAL3,0.87
Liqueo,0.24
Kinvey,0.96
EverTrue,0.88
Boomset,0.41
AdGent Digital,0.8
Total Beauty Media,0.82
SBR Health,0.37
Leap Motion,0.9
LockPath,0.75
turntable.fm,0.84
Snapguide,0.87
GlobalMotion,0.61
Vidcaster,0.86
Ginger.io,0.9
Surf Air,0.85
YouMail,0.82
Critical Links,0.3
ParElastic,0.65
Geeklist,0.73
Embarke,0.76
Predictivez,0.15
Estimize,0.8
SOLOMO Technology,0.68
Motif Investing,0.69
SaveUp,0.66
BizeeBee,0.86
LocalVox Media,0.79
Wurl,0.4
FlowPlay,0.77
BoomBotix,0.65
CryoXtract Instruments,0.09
Copious,0.76
Aviary,0.88
NanoRacks,0.1
Saatchi Online,0.74
Ubersense,0.88
SocialWire,0.94
InContext Solutions,0.31
One Medical Group,0.72
Valencell,0.51
in2apps,0.2
Contour Energy Systems,0.84
Bromium,0.91
Cinchcast,0.85
Empowered Careers,0.7
Touchstone Semiconductor,0.35
Impermium,0.83
Feedjit,0.57
Adjudica,0.58
MakeSpace,0.43
myRete,0.51
Flat World Knowledge,0.8
Ivantis,0.66
On-Ramp Wireless,0.68
SweetLabs,0.97
LectureTools,0.57
Lifecrowd,0.67
Ziptask,0.21
HealthCare.com,0.25
Blue Jeans Network,0.97
OpenQ,0.53
ME911,0.05
Kwarter,0.81
AEGEA Medical,0.27
BrandFiesta,0.28
MixRank,0.48
hyaqu,0.05
Mojo Motors,0.83
Viewpoints,0.23
Scanadu,0.91
Ayasdi,0.9
Magzter,0.75
MapBox,0.76
Veenome,0.88
Tealium,0.9
Kinsights,0.22
MOBIbucks,0.29
Venturocket,0.76
RAMP Holdings,0.97
Allegro Diagnostics,0.41
"QCoefficient, Inc.",0.69
Sosh,0.85
CourseHorse,0.46
UrbanSitter,0.74
App47,0.33
Swrve,0.48
MoviePass,0.79
Gojee,0.79
Verbling,0.85
Healthrageous,0.93
SurgiQuest,0.9
Riot Games,0.67
"map2app, Inc.",0.2
Snooth Media,0.75
Fastly,0.99
Contently,0.98
AgLocal,0.88
ThisNext,0.99
CHNL,0.73
MemSQL,0.86
Gridco,0.86
Capriza,0.72
Ignite Game Technologies,0.76
Avvo,0.92
Zipments,0.85
Pocket,0.76
Visual.ly,0.91
Domo,0.93
Tyros,0.03
Zettics.com,0.79
Marqeta,0.82
MoboTap,0.76
Crushpath,0.89
Ziften Technologies,0.17
Zendesk,1.0
PubNub,0.83
WellnessFX,0.88
Unified,0.94
Perkville,0.4
Vizify,0.81
NewComLink,0.68
Lytro,0.93
JOOR,0.87
nanoMR,0.62
Salsa Labs,0.78
FullContact,0.96
Junar,0.77
Ness Computing,0.79
BookingMarkets (Dashbell),0.5
Netotiate,0.71
Torsion Mobile,0.58
Local Yokel Media,0.8
LineStream Technologies,0.83
YouTern,0.27
Lover.ly,0.9
GoSpotCheck,0.8
Onepager,0.69
Are You a Human,0.78
Bislr,0.75
Apiary,0.33
Fanzy,0.84
NationBuilder,0.91
LaunchSide.com,0.02
LiquidTalk,0.09
Gamma Basics,0.34
Hortonworks,0.96
Innography,0.74
Mineful,0.07
Habit Labs,0.58
HDmessaging,0.33
Azumio,0.81
Wright Therapy Products,0.19
Unique Property,0.03
Roka Bioscience,0.97
AccuVein,0.43
Consensus Point,0.7
Swifto,0.81
Big Frame,0.98
myAchy,0.14
Network Optix,0.68
Pixowl,0.66
DocRun,0.8
Nebula,0.93
Leap2,0.64
ElasticBox,0.77
Switchcam,0.77
Shortlist,0.75
AgilOne,0.98
Kimbia,0.22
Generous Deals,0.04
Eat Club,0.75
Beacon Endoscopic,0.27
BabbaCo,0.61
Joyus,0.67
Securus Medical Group,0.56
TalkTo,0.87
Urjanet,0.81
ChoozOn (d.b.a. Blue Kangaroo),0.57
BlogHer,0.97
Privia Health,0.74
Leyden Energy,0.84
Qwilt,0.79
ClubJumpr.com,0.2
Updater,0.86
trueAnthem,0.94
Kazaana,0.34
Farmeron,0.78
The Electric Sheep,0.81
Whitetruffle,0.86
Fliptu,0.42
Acutus Medical,0.8
Matchbook,0.76
BuildingIQ,0.78
Second Genome,0.89
Q-Sensei,0.75
HotLink,0.84
SnagFilms,0.84
Zipmark,0.82
Hoseanna,0.24
Catavolt,0.66
Verious,0.77
Weemba,0.28
gDine,0.46
FilmBreak,0.13
ReferralMD,0.81
Yesware,0.91
POPSUGAR,0.99
SR Labs,0.7
SingleHop,0.71
Whisper Communications,0.69
ZeroDesktop,0.54
spotflux,0.52
Sumo Logic,0.89
Science Exchange,0.44
Taptera,0.9
HzO,0.36
Bright Media Corporation,0.67
PharmaSecure,0.36
LiveClips,0.71
North Shore InnoVentures,0.13
Keystone Dental,0.69
Nexercise,0.62
PhishMe,0.8
Codecademy,0.99
meevl,0.02
Rest Devices,0.71
The Daily Muse,0.9
Umbel,0.41
Medify,0.52
Thetis Pharmaceuticals,0.18
TeraDiode,0.5
Open Air Publishing,0.52
theAudience,0.61
LivingSocial,0.97
6connect,0.76
Bloodhound,0.84
Jiff,0.79
CumuLogic,0.87
VMTurbo,0.95
Minted,0.9
Media Lantern,0.12
DailyLook,0.74
Embrane,0.81
Fullscreen,0.73
Appirio,0.99
Rewardli,0.26
Personal Capital,0.78
Chromatik,0.65
"MongoDB, Inc.",1.0
iCouch,0.29
Kontagent,0.98
Shapeways,0.65
Booktrack,0.67
Sparkcentral,0.75
Aisle50,0.8
iVantage Health Analytics,0.15
Kenandy,0.85
Samfind,0.21
retickr,0.63
SpeedDate,0.93
Stitch Labs,0.86
GreenRoad Technologies,0.77
Opposing Views,0.14
Xamarin,0.91
CarbonFlow,0.46
Huddler,0.91
RentWiki,0.54
Ardelyx,0.76
Fixya,0.58
Myxer,0.45
Anvato,0.74
Club W,0.32
SmartRecruiters,0.85
Extole,1.0
Airbnb,0.99
SodaHead,0.82
Restaurant Revolution Technologies,0.61
AppNexus,1.0
Conductor,0.98
Locaid,0.84
Pricelock,0.91
Sharethrough,1.0
Kaltura,0.99
Full Circle CRM,0.62
Ilesfay Technology Group,0.16
OfficeDrop,0.76
SkyGrid,0.9
Spacebikini,0.14
Get Satisfaction,0.99
Lifebooker.com,0.89
Trover,0.69
TheWrap,0.8
Colingo,0.73
Integrate,0.91
Koofers,0.86
Stack Exchange,0.99
LockerDome,0.87
NexPlanar,0.8
Petra Solar,0.61
Poll Everywhere,0.76
Envysion,0.87
Help Scout,0.95
Onehub,0.94
Sourcebits,0.96
Application Experts,0.41
Occipital,0.85
UsingMiles,0.65
Panjiva,0.87
Pond5,0.74
worldhistoryproject,0.76
DECA,0.79
Lyft,0.97
